grid_search_id,final_train_loss,final_val_loss,best_val_loss,model_name,optimizer,learning_rate,loss_function,num_epochs,actual_epochs,stopped_early,mae,mse,rmse,r2,mape,hidden_features,dropout,activation,rank,model_path,fold
7,1.3389007020352492,1.3260596015874078,1.2807683033101698,SimpleMLP,Adam,0.001,L1Loss,100,64.0,5,1.2827611446380616,2.6419939517974855,1.624806316363232,0.633811092376709,36.732838,128,0.2,ReLU,1,/home/xen/personal/hospital-stay-length/experiments/models/mlp_20251216_212136/gs0007_fold5.pt,5
1,1.3382038958926699,1.3284277319908142,1.2810075160335093,SimpleMLP,Adam,0.001,L1Loss,100,81.2,5,1.2833287000656128,2.6189034938812257,1.617457545550008,0.6371817350387573,36.362663,64,0.2,ReLU,2,/home/xen/personal/hospital-stay-length/experiments/models/mlp_20251216_212136/gs0001_fold5.pt,5
15,1.3720021939989346,1.297862522391712,1.2829333512222065,SimpleMLP,Adam,0.001,L1Loss,100,79.8,4,1.287873387336731,2.676725721359253,1.6354833740880266,0.6289554476737976,36.295036,256,0.4,ReLU,3,/home/xen/personal/hospital-stay-length/experiments/models/mlp_20251216_212136/gs0015_fold5.pt,5
13,1.3285729515018747,1.2992370261865502,1.2840412585174337,SimpleMLP,Adam,0.001,L1Loss,100,66.4,5,1.2866963863372802,2.669068145751953,1.6328096331393158,0.6302773714065552,36.4692,256,0.2,ReLU,4,/home/xen/personal/hospital-stay-length/experiments/models/mlp_20251216_212136/gs0013_fold5.pt,5
8,1.357053581992192,1.2953965734033024,1.2857913381913129,SimpleMLP,Adam,0.001,L1Loss,100,77.6,4,1.2884823083877563,2.692677640914917,1.6404535327278442,0.6265609860420227,36.88526,128,0.3,ReLU,5,/home/xen/personal/hospital-stay-length/experiments/models/mlp_20251216_212136/gs0008_fold5.pt,5
14,1.3614115964120894,1.312062900206622,1.292323953965131,SimpleMLP,Adam,0.001,L1Loss,100,59.0,5,1.2952450037002563,2.7179287910461425,1.6480318421835232,0.6232567548751831,36.10444,256,0.3,ReLU,6,/home/xen/personal/hospital-stay-length/experiments/models/mlp_20251216_212136/gs0014_fold5.pt,5
9,1.369334144467738,1.323842032516704,1.2933214082437403,SimpleMLP,Adam,0.001,L1Loss,100,68.2,5,1.2963129997253418,2.7508646488189696,1.6579800407600707,0.6189092636108399,36.44629,128,0.4,ReLU,7,/home/xen/personal/hospital-stay-length/experiments/models/mlp_20251216_212136/gs0009_fold3.pt,3
2,1.363921494537325,1.3151145829873925,1.294846711439245,SimpleMLP,Adam,0.001,L1Loss,100,78.6,5,1.2967340469360351,2.703114891052246,1.6437489487473254,0.6252584099769593,37.20791,64,0.3,ReLU,8,/home/xen/personal/hospital-stay-length/experiments/models/mlp_20251216_212136/gs0002_fold5.pt,5
3,1.4085192433933713,1.3450353622436524,1.2976930748013888,SimpleMLP,Adam,0.001,L1Loss,100,67.2,5,1.3002761363983155,2.7642876625061037,1.6621171777292179,0.617092227935791,36.635277,64,0.4,ReLU,9,/home/xen/personal/hospital-stay-length/experiments/models/mlp_20251216_212136/gs0003_fold5.pt,5
16,1.4635193806086015,1.4071769644232357,1.3976752821136924,SimpleMLP,Adam,0.001,L1Loss,100,94.8,2,1.4037388801574706,4.32840256690979,2.077732499658045,0.40243149995803834,37.653084,256,0.2,Tanh,10,/home/xen/personal/hospital-stay-length/experiments/models/mlp_20251216_212136/gs0016_fold4.pt,4
10,1.4651447589717694,1.4043134033679963,1.3981154438327341,SimpleMLP,Adam,0.001,L1Loss,100,90.0,2,1.4027050018310547,4.340600061416626,2.0794029886640084,0.4008583664894104,36.67483,128,0.2,Tanh,11,/home/xen/personal/hospital-stay-length/experiments/models/mlp_20251216_212136/gs0010_fold4.pt,4
17,1.4937591109702837,1.437641648685231,1.4143836473717408,SimpleMLP,Adam,0.001,L1Loss,100,96.0,2,1.4315664291381835,4.684555721282959,2.161737100755228,0.352866005897522,38.344223,256,0.3,Tanh,12,/home/xen/personal/hospital-stay-length/experiments/models/mlp_20251216_212136/gs0017_fold4.pt,4
4,1.4935190170558532,1.4329872408333946,1.4229234681409948,SimpleMLP,Adam,0.001,L1Loss,100,93.0,3,1.4279281377792359,4.750972557067871,2.178258180127199,0.3428642153739929,37.07537,64,0.2,Tanh,13,/home/xen/personal/hospital-stay-length/experiments/models/mlp_20251216_212136/gs0004_fold4.pt,4
11,1.5078224543315262,1.450015663399416,1.4297028660774231,SimpleMLP,Adam,0.001,L1Loss,100,90.2,3,1.434597635269165,4.736249256134033,2.175098633988159,0.344813871383667,39.106216,128,0.3,Tanh,14,/home/xen/personal/hospital-stay-length/experiments/models/mlp_20251216_212136/gs0011_fold4.pt,4
5,1.5170810780418453,1.4629824508638944,1.4457520477912005,SimpleMLP,Adam,0.001,L1Loss,100,92.2,2,1.4663366794586181,5.026356983184814,2.2402994919199366,0.3050589680671692,37.71496,64,0.3,Tanh,15,/home/xen/personal/hospital-stay-length/experiments/models/mlp_20251216_212136/gs0005_fold5.pt,5
12,1.5319361619095304,1.4632067200015573,1.4529770907233743,SimpleMLP,Adam,0.001,L1Loss,100,91.4,3,1.4628706932067872,5.089956569671631,2.2540356580587084,0.2963041663169861,37.970943,128,0.4,Tanh,16,/home/xen/personal/hospital-stay-length/experiments/models/mlp_20251216_212136/gs0012_fold4.pt,4
18,1.5535896125124462,1.487519669532776,1.4749872789663427,SimpleMLP,Adam,0.001,L1Loss,100,63.0,5,1.478332805633545,5.256372547149658,2.28945629549818,0.272015905380249,39.127594,256,0.4,Tanh,17,/home/xen/personal/hospital-stay-length/experiments/models/mlp_20251216_212136/gs0018_fold5.pt,5
6,1.5902496151070096,1.5142165857202867,1.505692670625799,SimpleMLP,Adam,0.001,L1Loss,100,58.4,4,1.5156725883483886,5.6713480949401855,2.378011332941366,0.21580286026000978,39.77517,64,0.4,Tanh,18,/home/xen/personal/hospital-stay-length/experiments/models/mlp_20251216_212136/gs0006_fold5.pt,5
