grid_search_id,fold,final_train_loss,final_val_loss,best_val_loss,best_epoch,actual_epochs,num_epochs,stopped_early,optimizer,learning_rate,loss_function,model_path,mae,mse,rmse,r2,mape,model_name,n_d,n_a,n_steps
1,1,2.5684834296234427,1.322607398033142,1.2828216552734375,7,17,100,True,Adam,0.02,MAE,/home/xen/personal/hospital-stay-length/experiments/models/tabnet_20251217_103631/gs0001_fold1,1.2828216552734375,2.562425374984741,1.6007577502497814,0.6643811464309692,35.859238,TabNetRegressor,8,8,3
1,2,2.5351360232227242,1.235274076461792,1.2336549758911133,10,20,100,True,Adam,0.02,MAE,/home/xen/personal/hospital-stay-length/experiments/models/tabnet_20251217_103631/gs0001_fold2,1.2336549758911133,2.44870924949646,1.5648352148058466,0.6631408929824829,35.30517,TabNetRegressor,8,8,3
1,3,2.4694067503229653,1.242284893989563,1.2287240028381348,20,30,100,True,Adam,0.02,MAE,/home/xen/personal/hospital-stay-length/experiments/models/tabnet_20251217_103631/gs0001_fold3,1.2287240028381348,2.385697364807129,1.5445702848388378,0.6723238825798035,34.017464,TabNetRegressor,8,8,3
1,4,2.4780377813901375,1.2550636529922485,1.238423228263855,24,34,100,True,Adam,0.02,MAE,/home/xen/personal/hospital-stay-length/experiments/models/tabnet_20251217_103631/gs0001_fold4,1.238423228263855,2.45125412940979,1.565648149939759,0.6287533640861511,35.32253,TabNetRegressor,8,8,3
1,5,2.518774485108336,1.229067087173462,1.2198162078857422,6,16,100,True,Adam,0.02,MAE,/home/xen/personal/hospital-stay-length/experiments/models/tabnet_20251217_103631/gs0001_fold5,1.2198162078857422,2.3422183990478516,1.530430788715338,0.6807382106781006,35.63326,TabNetRegressor,8,8,3
2,1,2.6306678410286057,1.3167436122894287,1.2858985662460327,16,26,100,True,Adam,0.02,MAE,/home/xen/personal/hospital-stay-length/experiments/models/tabnet_20251217_103631/gs0002_fold1,1.2858985662460327,2.631645679473877,1.6222347793934997,0.6553148627281189,36.817673,TabNetRegressor,8,8,5
2,2,2.517985789834707,1.2445865869522095,1.239196538925171,10,20,100,True,Adam,0.02,MAE,/home/xen/personal/hospital-stay-length/experiments/models/tabnet_20251217_103631/gs0002_fold2,1.239196538925171,2.394502639770508,1.547418055914596,0.6705978512763977,33.87132,TabNetRegressor,8,8,5
2,3,2.52108029146508,1.2464097738265991,1.2266509532928467,18,28,100,True,Adam,0.02,MAE,/home/xen/personal/hospital-stay-length/experiments/models/tabnet_20251217_103631/gs0002_fold3,1.2266509532928467,2.396615982055664,1.5481007661181698,0.6708241701126099,33.450752,TabNetRegressor,8,8,5
2,4,2.4703021342397036,1.247759222984314,1.2423069477081299,13,23,100,True,Adam,0.02,MAE,/home/xen/personal/hospital-stay-length/experiments/models/tabnet_20251217_103631/gs0002_fold4,1.2423069477081299,2.4069981575012207,1.551450340004868,0.6354559659957886,34.80706,TabNetRegressor,8,8,5
2,5,2.628419172445858,1.2450817823410034,1.2234175205230713,10,20,100,True,Adam,0.02,MAE,/home/xen/personal/hospital-stay-length/experiments/models/tabnet_20251217_103631/gs0002_fold5,1.2234175205230713,2.3845534324645996,1.5441999328016434,0.6749675869941711,35.486748,TabNetRegressor,8,8,5
3,1,2.4858834185320773,1.2887048721313477,1.279798150062561,40,50,100,True,Adam,0.02,MAE,/home/xen/personal/hospital-stay-length/experiments/models/tabnet_20251217_103631/gs0003_fold1,1.279798150062561,2.5716254711151123,1.6036288445632025,0.6631761193275452,37.70844,TabNetRegressor,8,8,7
3,2,2.6161072656705784,1.2666637897491455,1.2599308490753174,18,28,100,True,Adam,0.02,MAE,/home/xen/personal/hospital-stay-length/experiments/models/tabnet_20251217_103631/gs0003_fold2,1.2599308490753174,2.4669830799102783,1.5706632611448827,0.660627007484436,34.47141,TabNetRegressor,8,8,7
3,3,2.677941725576804,1.2452765703201294,1.2399958372116089,44,54,100,True,Adam,0.02,MAE,/home/xen/personal/hospital-stay-length/experiments/models/tabnet_20251217_103631/gs0003_fold3,1.2399958372116089,2.4037411212921143,1.5504003100141956,0.6698455810546875,35.200947,TabNetRegressor,8,8,7
3,4,2.479697839326994,1.2446415424346924,1.2399873733520508,33,43,100,True,Adam,0.02,MAE,/home/xen/personal/hospital-stay-length/experiments/models/tabnet_20251217_103631/gs0003_fold4,1.2399873733520508,2.477011203765869,1.5738523449694604,0.6248524188995361,35.376453,TabNetRegressor,8,8,7
3,5,2.5792042958050274,1.2770496606826782,1.2224727869033813,11,21,100,True,Adam,0.02,MAE,/home/xen/personal/hospital-stay-length/experiments/models/tabnet_20251217_103631/gs0003_fold5,1.2224727869033813,2.350800037384033,1.5332318928929287,0.6795684099197388,34.923557,TabNetRegressor,8,8,7
4,1,2.5126383661094076,1.3033676147460938,1.276094913482666,5,15,100,True,Adam,0.02,MAE,/home/xen/personal/hospital-stay-length/experiments/models/tabnet_20251217_103631/gs0004_fold1,1.276094913482666,2.518947124481201,1.5871191273755103,0.6700757741928101,35.44109,TabNetRegressor,8,32,3
4,2,2.5376111458822677,1.2475160360336304,1.2346012592315674,13,23,100,True,Adam,0.02,MAE,/home/xen/personal/hospital-stay-length/experiments/models/tabnet_20251217_103631/gs0004_fold2,1.2346012592315674,2.46879243850708,1.571239141094404,0.660378098487854,34.12761,TabNetRegressor,8,32,3
4,3,2.5344522606075426,1.2392786741256714,1.2296148538589478,21,31,100,True,Adam,0.02,MAE,/home/xen/personal/hospital-stay-length/experiments/models/tabnet_20251217_103631/gs0004_fold3,1.2296148538589478,2.4317688941955566,1.559412996673927,0.6659959554672241,33.367188,TabNetRegressor,8,32,3
4,4,3.2861512476929,1.3765029907226562,1.245072841644287,18,28,100,True,Adam,0.02,MAE,/home/xen/personal/hospital-stay-length/experiments/models/tabnet_20251217_103631/gs0004_fold4,1.245072841644287,2.4072086811065674,1.551518185876842,0.6354241371154785,34.934887,TabNetRegressor,8,32,3
4,5,2.6380898582081844,1.248064637184143,1.2398054599761963,17,27,100,True,Adam,0.02,MAE,/home/xen/personal/hospital-stay-length/experiments/models/tabnet_20251217_103631/gs0004_fold5,1.2398054599761963,2.4800729751586914,1.5748247442679746,0.6619476079940796,35.842434,TabNetRegressor,8,32,3
5,1,2.422057493173463,1.297019124031067,1.275146722793579,16,26,100,True,Adam,0.02,MAE,/home/xen/personal/hospital-stay-length/experiments/models/tabnet_20251217_103631/gs0005_fold1,1.275146722793579,2.5511491298675537,1.5972317082588718,0.6658580303192139,36.07494,TabNetRegressor,8,32,5
5,2,2.6061555967423544,1.28023362159729,1.2400517463684082,5,15,100,True,Adam,0.02,MAE,/home/xen/personal/hospital-stay-length/experiments/models/tabnet_20251217_103631/gs0005_fold2,1.2400517463684082,2.4184815883636475,1.555146806048756,0.6672991514205933,34.865547,TabNetRegressor,8,32,5
5,3,2.4565527647214136,1.2457027435302734,1.2306612730026245,40,50,100,True,Adam,0.02,MAE,/home/xen/personal/hospital-stay-length/experiments/models/tabnet_20251217_103631/gs0005_fold3,1.2306612730026245,2.3988351821899414,1.5488173495250954,0.6705193519592285,34.169193,TabNetRegressor,8,32,5
5,4,2.5485812622691584,1.2567551136016846,1.241736888885498,12,22,100,True,Adam,0.02,MAE,/home/xen/personal/hospital-stay-length/experiments/models/tabnet_20251217_103631/gs0005_fold4,1.241736888885498,2.3629298210144043,1.537182429321388,0.6421302556991577,35.45837,TabNetRegressor,8,32,5
5,5,2.5247887948098224,1.2278262376785278,1.2226845026016235,14,24,100,True,Adam,0.02,MAE,/home/xen/personal/hospital-stay-length/experiments/models/tabnet_20251217_103631/gs0005_fold5,1.2226845026016235,2.3722212314605713,1.5402016853193516,0.6766486167907715,35.569237,TabNetRegressor,8,32,5
6,1,2.4652760752714404,1.2888110876083374,1.279226541519165,11,21,100,True,Adam,0.02,MAE,/home/xen/personal/hospital-stay-length/experiments/models/tabnet_20251217_103631/gs0006_fold1,1.279226541519165,2.553685188293457,1.598025402893664,0.6655259132385254,34.991913,TabNetRegressor,8,32,7
6,2,2.7234637936165527,1.3180519342422485,1.2484147548675537,12,22,100,True,Adam,0.02,MAE,/home/xen/personal/hospital-stay-length/experiments/models/tabnet_20251217_103631/gs0006_fold2,1.2484147548675537,2.525644302368164,1.589227580420175,0.6525572538375854,35.0768,TabNetRegressor,8,32,7
6,3,2.563612093461861,1.253528356552124,1.2398173809051514,10,20,100,True,Adam,0.02,MAE,/home/xen/personal/hospital-stay-length/experiments/models/tabnet_20251217_103631/gs0006_fold3,1.2398173809051514,2.4973878860473633,1.580312591244961,0.6569831371307373,33.195293,TabNetRegressor,8,32,7
6,4,2.5077131541692768,1.258654236793518,1.2354873418807983,17,27,100,True,Adam,0.02,MAE,/home/xen/personal/hospital-stay-length/experiments/models/tabnet_20251217_103631/gs0006_fold4,1.2354873418807983,2.4012081623077393,1.5495832221303054,0.6363328695297241,36.233757,TabNetRegressor,8,32,7
6,5,2.91291578763213,1.353405237197876,1.3434375524520874,6,16,100,True,Adam,0.02,MAE,/home/xen/personal/hospital-stay-length/experiments/models/tabnet_20251217_103631/gs0006_fold5,1.3434375524520874,2.901038408279419,1.7032434964735426,0.6045668125152588,38.941357,TabNetRegressor,8,32,7
7,1,2.547003970726953,1.308806300163269,1.2813351154327393,26,36,100,True,Adam,0.02,MAE,/home/xen/personal/hospital-stay-length/experiments/models/tabnet_20251217_103631/gs0007_fold1,1.2813351154327393,2.549961805343628,1.5968599830115437,0.6660135388374329,34.630196,TabNetRegressor,8,64,3
7,2,2.6357344618677145,1.2590553760528564,1.253583550453186,4,14,100,True,Adam,0.02,MAE,/home/xen/personal/hospital-stay-length/experiments/models/tabnet_20251217_103631/gs0007_fold2,1.253583550453186,2.5177457332611084,1.5867406004955908,0.653643786907196,35.9478,TabNetRegressor,8,64,3
7,3,2.529798820198133,1.2390071153640747,1.2356935739517212,23,33,100,True,Adam,0.02,MAE,/home/xen/personal/hospital-stay-length/experiments/models/tabnet_20251217_103631/gs0007_fold3,1.2356935739517212,2.3850326538085938,1.5443550931727437,0.6724151372909546,34.918655,TabNetRegressor,8,64,3
7,4,2.477740408538224,1.2452796697616577,1.2372866868972778,8,18,100,True,Adam,0.02,MAE,/home/xen/personal/hospital-stay-length/experiments/models/tabnet_20251217_103631/gs0007_fold4,1.2372866868972778,2.367551326751709,1.5386849342057356,0.6414302587509155,35.461464,TabNetRegressor,8,64,3
7,5,2.4723559764706766,1.2227332592010498,1.2224040031433105,10,20,100,True,Adam,0.02,MAE,/home/xen/personal/hospital-stay-length/experiments/models/tabnet_20251217_103631/gs0007_fold5,1.2224040031433105,2.363677740097046,1.5374256860404818,0.6778131723403931,34.453846,TabNetRegressor,8,64,3
8,1,2.428706550313616,1.2915916442871094,1.2791972160339355,25,35,100,True,Adam,0.02,MAE,/home/xen/personal/hospital-stay-length/experiments/models/tabnet_20251217_103631/gs0008_fold1,1.2791972160339355,2.547832727432251,1.5961931986549283,0.6662924289703369,36.16218,TabNetRegressor,8,64,5
8,2,2.54523793616406,1.2526874542236328,1.23262357711792,13,23,100,True,Adam,0.02,MAE,/home/xen/personal/hospital-stay-length/experiments/models/tabnet_20251217_103631/gs0008_fold2,1.23262357711792,2.379298686981201,1.5424975484522498,0.6726894378662109,34.27345,TabNetRegressor,8,64,5
8,3,2.4679667438082182,1.2379846572875977,1.2318017482757568,15,25,100,True,Adam,0.02,MAE,/home/xen/personal/hospital-stay-length/experiments/models/tabnet_20251217_103631/gs0008_fold3,1.2318017482757568,2.4023611545562744,1.5499552105000565,0.6700351238250732,32.975136,TabNetRegressor,8,64,5
8,4,2.5409117848242433,1.246262550354004,1.2370755672454834,16,26,100,True,Adam,0.02,MAE,/home/xen/personal/hospital-stay-length/experiments/models/tabnet_20251217_103631/gs0008_fold4,1.2370755672454834,2.3599867820739746,1.536224847499211,0.6425759196281433,34.95999,TabNetRegressor,8,64,5
8,5,2.538300856899088,1.2433927059173584,1.2199654579162598,9,19,100,True,Adam,0.02,MAE,/home/xen/personal/hospital-stay-length/experiments/models/tabnet_20251217_103631/gs0008_fold5,1.2199654579162598,2.3779656887054443,1.5420653970261586,0.6758655309677124,34.81096,TabNetRegressor,8,64,5
9,1,2.4439299888215853,1.3192200660705566,1.2810897827148438,12,22,100,True,Adam,0.02,MAE,/home/xen/personal/hospital-stay-length/experiments/models/tabnet_20251217_103631/gs0009_fold1,1.2810897827148438,2.6057183742523193,1.6142237683333496,0.6587107181549072,37.805374,TabNetRegressor,8,64,7
9,2,2.520179131162978,1.2547982931137085,1.2363173961639404,22,32,100,True,Adam,0.02,MAE,/home/xen/personal/hospital-stay-length/experiments/models/tabnet_20251217_103631/gs0009_fold2,1.2363173961639404,2.3685929775238037,1.5390233843330008,0.6741621494293213,33.839085,TabNetRegressor,8,64,7
9,3,2.4800230031322017,1.2374956607818604,1.2321763038635254,27,37,100,True,Adam,0.02,MAE,/home/xen/personal/hospital-stay-length/experiments/models/tabnet_20251217_103631/gs0009_fold3,1.2321763038635254,2.4423704147338867,1.5628085022592777,0.6645398139953613,34.884483,TabNetRegressor,8,64,7
9,4,2.5524813436242844,1.253968596458435,1.238559603691101,12,22,100,True,Adam,0.02,MAE,/home/xen/personal/hospital-stay-length/experiments/models/tabnet_20251217_103631/gs0009_fold4,1.238559603691101,2.340085029602051,1.5297336466202378,0.64559006690979,34.827656,TabNetRegressor,8,64,7
9,5,2.6687639704585133,1.431593418121338,1.2191317081451416,42,52,100,True,Adam,0.02,MAE,/home/xen/personal/hospital-stay-length/experiments/models/tabnet_20251217_103631/gs0009_fold5,1.2191317081451416,2.35027813911438,1.5330616879677021,0.6796395778656006,35.590206,TabNetRegressor,8,64,7
10,1,2.465364829188719,1.325631022453308,1.2806408405303955,17,27,100,True,Adam,0.02,MAE,/home/xen/personal/hospital-stay-length/experiments/models/tabnet_20251217_103631/gs0010_fold1,1.2806408405303955,2.5499837398529053,1.5968668510094715,0.6660106778144836,34.76729,TabNetRegressor,32,8,3
10,2,2.4653596605517594,1.278218388557434,1.2368899583816528,12,22,100,True,Adam,0.02,MAE,/home/xen/personal/hospital-stay-length/experiments/models/tabnet_20251217_103631/gs0010_fold2,1.2368899583816528,2.387725591659546,1.545226712058637,0.6715301275253296,33.38454,TabNetRegressor,32,8,3
10,3,2.513594895869761,1.236151099205017,1.2318583726882935,6,16,100,True,Adam,0.02,MAE,/home/xen/personal/hospital-stay-length/experiments/models/tabnet_20251217_103631/gs0010_fold3,1.2318583726882935,2.4302990436553955,1.5589416421583573,0.6661978363990784,33.10821,TabNetRegressor,32,8,3
10,4,2.5344502123333603,1.271579384803772,1.2332005500793457,15,25,100,True,Adam,0.02,MAE,/home/xen/personal/hospital-stay-length/experiments/models/tabnet_20251217_103631/gs0010_fold4,1.2332005500793457,2.3598458766937256,1.5361789858912032,0.6425973176956177,35.26261,TabNetRegressor,32,8,3
10,5,2.554871637797768,1.2234978675842285,1.2219668626785278,7,17,100,True,Adam,0.02,MAE,/home/xen/personal/hospital-stay-length/experiments/models/tabnet_20251217_103631/gs0010_fold5,1.2219668626785278,2.3678746223449707,1.538789986432512,0.6772410869598389,33.10325,TabNetRegressor,32,8,3
11,1,2.4527730229892035,1.2846994400024414,1.2809078693389893,22,32,100,True,Adam,0.02,MAE,/home/xen/personal/hospital-stay-length/experiments/models/tabnet_20251217_103631/gs0011_fold1,1.2809078693389893,2.5823891162872314,1.6069813677473772,0.6617662906646729,36.058155,TabNetRegressor,32,8,5
11,2,2.5363009736679363,1.2574827671051025,1.232624888420105,30,40,100,True,Adam,0.02,MAE,/home/xen/personal/hospital-stay-length/experiments/models/tabnet_20251217_103631/gs0011_fold2,1.232624888420105,2.375523328781128,1.541273281667183,0.6732087731361389,33.35975,TabNetRegressor,32,8,5
11,3,2.527628961649361,1.2894959449768066,1.2292641401290894,28,38,100,True,Adam,0.02,MAE,/home/xen/personal/hospital-stay-length/experiments/models/tabnet_20251217_103631/gs0011_fold3,1.2292641401290894,2.3695805072784424,1.5393441809025175,0.6745375394821167,34.32998,TabNetRegressor,32,8,5
11,4,2.490779995569587,1.2500157356262207,1.2404942512512207,14,24,100,True,Adam,0.02,MAE,/home/xen/personal/hospital-stay-length/experiments/models/tabnet_20251217_103631/gs0011_fold4,1.2404942512512207,2.3836965560913086,1.5439224579269868,0.6389850378036499,35.222683,TabNetRegressor,32,8,5
11,5,2.542712110863928,1.2588891983032227,1.2234851121902466,18,28,100,True,Adam,0.02,MAE,/home/xen/personal/hospital-stay-length/experiments/models/tabnet_20251217_103631/gs0011_fold5,1.2234851121902466,2.3486735820770264,1.5325382807868215,0.6798583269119263,34.647266,TabNetRegressor,32,8,5
12,1,2.7029111773643884,1.2858563661575317,1.275269865989685,17,27,100,True,Adam,0.02,MAE,/home/xen/personal/hospital-stay-length/experiments/models/tabnet_20251217_103631/gs0012_fold1,1.275269865989685,2.6048378944396973,1.613951019839108,0.6588260531425476,37.57235,TabNetRegressor,32,8,7
12,2,2.533852926050415,1.2393641471862793,1.2344088554382324,16,26,100,True,Adam,0.02,MAE,/home/xen/personal/hospital-stay-length/experiments/models/tabnet_20251217_103631/gs0012_fold2,1.2344088554382324,2.4402403831481934,1.562126878057027,0.6643059253692627,35.444347,TabNetRegressor,32,8,7
12,3,2.5331355204592825,1.257534384727478,1.2458693981170654,16,26,100,True,Adam,0.02,MAE,/home/xen/personal/hospital-stay-length/experiments/models/tabnet_20251217_103631/gs0012_fold3,1.2458693981170654,2.4526968002319336,1.5661088085544803,0.6631214618682861,34.663235,TabNetRegressor,32,8,7
12,4,2.495069138471239,1.2448556423187256,1.2411266565322876,25,35,100,True,Adam,0.02,MAE,/home/xen/personal/hospital-stay-length/experiments/models/tabnet_20251217_103631/gs0012_fold4,1.2411266565322876,2.3553850650787354,1.534726381176376,0.643272876739502,34.347633,TabNetRegressor,32,8,7
12,5,2.5006261026965273,1.2472604513168335,1.2200525999069214,37,47,100,True,Adam,0.02,MAE,/home/xen/personal/hospital-stay-length/experiments/models/tabnet_20251217_103631/gs0012_fold5,1.2200525999069214,2.3418798446655273,1.5303201771738904,0.6807843446731567,35.139683,TabNetRegressor,32,8,7
13,1,2.543022177268765,1.3051750659942627,1.2856788635253906,14,24,100,True,Adam,0.02,MAE,/home/xen/personal/hospital-stay-length/experiments/models/tabnet_20251217_103631/gs0013_fold1,1.2856788635253906,2.5800366401672363,1.6062492459662778,0.6620744466781616,35.398613,TabNetRegressor,32,32,3
13,2,2.4561150502751303,1.2430695295333862,1.2358375787734985,13,23,100,True,Adam,0.02,MAE,/home/xen/personal/hospital-stay-length/experiments/models/tabnet_20251217_103631/gs0013_fold2,1.2358375787734985,2.423119068145752,1.5566371022642855,0.6666612029075623,33.739002,TabNetRegressor,32,32,3
13,3,2.5475963088968734,1.2443722486495972,1.2309328317642212,14,24,100,True,Adam,0.02,MAE,/home/xen/personal/hospital-stay-length/experiments/models/tabnet_20251217_103631/gs0013_fold3,1.2309328317642212,2.3680567741394043,1.5388491719916557,0.6747468709945679,35.059563,TabNetRegressor,32,32,3
13,4,2.472606364768807,1.2524635791778564,1.2394979000091553,19,29,100,True,Adam,0.02,MAE,/home/xen/personal/hospital-stay-length/experiments/models/tabnet_20251217_103631/gs0013_fold4,1.2394979000091553,2.3621482849121094,1.5369281977086988,0.6422485709190369,35.2874,TabNetRegressor,32,32,3
13,5,2.568245572468139,1.2214365005493164,1.2207129001617432,7,17,100,True,Adam,0.02,MAE,/home/xen/personal/hospital-stay-length/experiments/models/tabnet_20251217_103631/gs0013_fold5,1.2207129001617432,2.42362642288208,1.5568000587365354,0.6696416139602661,34.159573,TabNetRegressor,32,32,3
14,1,2.4882330678562905,1.3070433139801025,1.2826294898986816,14,24,100,True,Adam,0.02,MAE,/home/xen/personal/hospital-stay-length/experiments/models/tabnet_20251217_103631/gs0014_fold1,1.2826294898986816,2.6084847450256348,1.6150804144145996,0.6583483815193176,37.071583,TabNetRegressor,32,32,5
14,2,2.560298665247425,1.2418537139892578,1.2356212139129639,14,24,100,True,Adam,0.02,MAE,/home/xen/personal/hospital-stay-length/experiments/models/tabnet_20251217_103631/gs0014_fold2,1.2356212139129639,2.382657051086426,1.543585777042023,0.6722273826599121,34.442673,TabNetRegressor,32,32,5
14,3,2.5721651619326185,1.2607085704803467,1.24946928024292,6,16,100,True,Adam,0.02,MAE,/home/xen/personal/hospital-stay-length/experiments/models/tabnet_20251217_103631/gs0014_fold3,1.24946928024292,2.5242276191711426,1.5887818035120942,0.653296709060669,34.72945,TabNetRegressor,32,32,5
14,4,2.518328425032612,1.2467397451400757,1.242211937904358,20,30,100,True,Adam,0.02,MAE,/home/xen/personal/hospital-stay-length/experiments/models/tabnet_20251217_103631/gs0014_fold4,1.242211937904358,2.407130479812622,1.5514929841325813,0.635435938835144,34.972218,TabNetRegressor,32,32,5
14,5,2.4473358820574718,1.230402946472168,1.2199491262435913,35,45,100,True,Adam,0.02,MAE,/home/xen/personal/hospital-stay-length/experiments/models/tabnet_20251217_103631/gs0014_fold5,1.2199491262435913,2.3451406955718994,1.531385221154984,0.6803398132324219,35.794685,TabNetRegressor,32,32,5
15,1,2.5412069751293855,1.472339391708374,1.2738271951675415,17,27,100,True,Adam,0.02,MAE,/home/xen/personal/hospital-stay-length/experiments/models/tabnet_20251217_103631/gs0015_fold1,1.2738271951675415,2.6038246154785156,1.613637076755029,0.6589587926864624,36.300556,TabNetRegressor,32,32,7
15,2,2.5200806673024703,1.2591826915740967,1.2427886724472046,9,19,100,True,Adam,0.02,MAE,/home/xen/personal/hospital-stay-length/experiments/models/tabnet_20251217_103631/gs0015_fold2,1.2427886724472046,2.440426826477051,1.562186553032976,0.6642802357673645,35.50676,TabNetRegressor,32,32,7
15,3,2.577884848025496,1.2567927837371826,1.2496124505996704,16,26,100,True,Adam,0.02,MAE,/home/xen/personal/hospital-stay-length/experiments/models/tabnet_20251217_103631/gs0015_fold3,1.2496124505996704,2.456876754760742,1.567442743694564,0.6625473499298096,37.713688,TabNetRegressor,32,32,7
15,4,2.540644500399803,1.2765687704086304,1.239527702331543,46,56,100,True,Adam,0.02,MAE,/home/xen/personal/hospital-stay-length/experiments/models/tabnet_20251217_103631/gs0015_fold4,1.239527702331543,2.3934407234191895,1.547074892634222,0.637509286403656,35.724495,TabNetRegressor,32,32,7
15,5,2.5435902158066006,1.2327953577041626,1.2239933013916016,13,23,100,True,Adam,0.02,MAE,/home/xen/personal/hospital-stay-length/experiments/models/tabnet_20251217_103631/gs0015_fold5,1.2239933013916016,2.40480375289917,1.5507429680315077,0.6722073554992676,36.318264,TabNetRegressor,32,32,7
16,1,2.422133472742107,1.3023476600646973,1.2810604572296143,31,41,100,True,Adam,0.02,MAE,/home/xen/personal/hospital-stay-length/experiments/models/tabnet_20251217_103631/gs0016_fold1,1.2810604572296143,2.6043083667755127,1.613786964495473,0.6588953733444214,36.720173,TabNetRegressor,32,64,3
16,2,2.4594258220485603,1.2379419803619385,1.235971450805664,20,30,100,True,Adam,0.02,MAE,/home/xen/personal/hospital-stay-length/experiments/models/tabnet_20251217_103631/gs0016_fold2,1.235971450805664,2.3883886337280273,1.5454412424055557,0.6714389324188232,33.913097,TabNetRegressor,32,64,3
16,3,2.4922202552872625,1.2373768091201782,1.2271350622177124,32,42,100,True,Adam,0.02,MAE,/home/xen/personal/hospital-stay-length/experiments/models/tabnet_20251217_103631/gs0016_fold3,1.2271350622177124,2.4170448780059814,1.5546848162910647,0.6680182814598083,32.850765,TabNetRegressor,32,64,3
16,4,2.5921830574197218,1.26030433177948,1.240189552307129,7,17,100,True,Adam,0.02,MAE,/home/xen/personal/hospital-stay-length/experiments/models/tabnet_20251217_103631/gs0016_fold4,1.240189552307129,2.3664376735687256,1.5383230069035325,0.6415989398956299,35.239468,TabNetRegressor,32,64,3
16,5,2.782470662960896,1.36482834815979,1.218701720237732,27,37,100,True,Adam,0.02,MAE,/home/xen/personal/hospital-stay-length/experiments/models/tabnet_20251217_103631/gs0016_fold5,1.218701720237732,2.3922088146209717,1.546676700096362,0.6739241480827332,34.55044,TabNetRegressor,32,64,3
17,1,2.462882897749804,1.284913420677185,1.2766181230545044,20,30,100,True,Adam,0.02,MAE,/home/xen/personal/hospital-stay-length/experiments/models/tabnet_20251217_103631/gs0017_fold1,1.2766181230545044,2.5720741748809814,1.6037687410848802,0.6631173491477966,35.854935,TabNetRegressor,32,64,5
17,2,2.516167743283851,1.2568883895874023,1.2453984022140503,9,19,100,True,Adam,0.02,MAE,/home/xen/personal/hospital-stay-length/experiments/models/tabnet_20251217_103631/gs0017_fold2,1.2453984022140503,2.5912363529205322,1.6097317642764375,0.6435339450836182,34.944717,TabNetRegressor,32,64,5
17,3,2.523402698195942,1.2370167970657349,1.2327451705932617,36,46,100,True,Adam,0.02,MAE,/home/xen/personal/hospital-stay-length/experiments/models/tabnet_20251217_103631/gs0017_fold3,1.2327451705932617,2.3797447681427,1.542642138716138,0.6731414794921875,34.684692,TabNetRegressor,32,64,5
17,4,2.4876863569826693,1.2566531896591187,1.237227201461792,23,33,100,True,Adam,0.02,MAE,/home/xen/personal/hospital-stay-length/experiments/models/tabnet_20251217_103631/gs0017_fold4,1.237227201461792,2.3525638580322266,1.5338069820000908,0.643700122833252,34.57919,TabNetRegressor,32,64,5
17,5,2.5671482667445478,1.2277138233184814,1.2224153280258179,12,22,100,True,Adam,0.02,MAE,/home/xen/personal/hospital-stay-length/experiments/models/tabnet_20251217_103631/gs0017_fold5,1.2224153280258179,2.392448663711548,1.5467542350714762,0.6738914251327515,34.371265,TabNetRegressor,32,64,5
18,1,2.515137923618807,1.2885628938674927,1.2760573625564575,30,40,100,True,Adam,0.02,MAE,/home/xen/personal/hospital-stay-length/experiments/models/tabnet_20251217_103631/gs0018_fold1,1.2760573625564575,2.574425220489502,1.6045015489208796,0.6628093719482422,37.36092,TabNetRegressor,32,64,7
18,2,2.6218982129483615,1.2967725992202759,1.2481720447540283,13,23,100,True,Adam,0.02,MAE,/home/xen/personal/hospital-stay-length/experiments/models/tabnet_20251217_103631/gs0018_fold2,1.2481720447540283,2.501974582672119,1.5817631247036072,0.6558133363723755,36.050785,TabNetRegressor,32,64,7
18,3,2.4974806685886763,1.2961198091506958,1.2430731058120728,19,29,100,True,Adam,0.02,MAE,/home/xen/personal/hospital-stay-length/experiments/models/tabnet_20251217_103631/gs0018_fold3,1.2430731058120728,2.497561454772949,1.580367506238011,0.6569592952728271,34.36713,TabNetRegressor,32,64,7
18,4,2.4878016312080216,1.2474116086959839,1.2422109842300415,17,27,100,True,Adam,0.02,MAE,/home/xen/personal/hospital-stay-length/experiments/models/tabnet_20251217_103631/gs0018_fold4,1.2422109842300415,2.4033663272857666,1.5502794352263616,0.6360060572624207,34.984745,TabNetRegressor,32,64,7
18,5,2.589187446463928,1.2468039989471436,1.233989953994751,16,26,100,True,Adam,0.02,MAE,/home/xen/personal/hospital-stay-length/experiments/models/tabnet_20251217_103631/gs0018_fold5,1.233989953994751,2.417102336883545,1.5547032954501463,0.6705309152603149,36.322365,TabNetRegressor,32,64,7
19,1,2.4168433124062,1.281996488571167,1.2803113460540771,27,37,100,True,Adam,0.02,MAE,/home/xen/personal/hospital-stay-length/experiments/models/tabnet_20251217_103631/gs0019_fold1,1.2803113460540771,2.5822486877441406,1.606937673882886,0.6617847084999084,36.896935,TabNetRegressor,64,8,3
19,2,3.452817004982512,1.2451989650726318,1.23345148563385,8,18,100,True,Adam,0.02,MAE,/home/xen/personal/hospital-stay-length/experiments/models/tabnet_20251217_103631/gs0019_fold2,1.23345148563385,2.4943559169769287,1.579353005815017,0.656861424446106,34.85219,TabNetRegressor,64,8,3
19,3,2.518794651964303,1.247725248336792,1.2328214645385742,14,24,100,True,Adam,0.02,MAE,/home/xen/personal/hospital-stay-length/experiments/models/tabnet_20251217_103631/gs0019_fold3,1.2328214645385742,2.4400570392608643,1.562068192897117,0.6648575663566589,34.242786,TabNetRegressor,64,8,3
19,4,2.584894803430346,1.2634612321853638,1.239453673362732,14,24,100,True,Adam,0.02,MAE,/home/xen/personal/hospital-stay-length/experiments/models/tabnet_20251217_103631/gs0019_fold4,1.239453673362732,2.3631019592285156,1.5372384197737563,0.6421041488647461,34.754295,TabNetRegressor,64,8,3
19,5,2.566499724921413,1.223956823348999,1.2210829257965088,17,27,100,True,Adam,0.02,MAE,/home/xen/personal/hospital-stay-length/experiments/models/tabnet_20251217_103631/gs0019_fold5,1.2210829257965088,2.33392333984375,1.5277183444089915,0.6818689107894897,35.308712,TabNetRegressor,64,8,3
20,1,2.4930093108219915,1.2827829122543335,1.2809780836105347,21,31,100,True,Adam,0.02,MAE,/home/xen/personal/hospital-stay-length/experiments/models/tabnet_20251217_103631/gs0020_fold1,1.2809780836105347,2.5749711990356445,1.6046716795144247,0.6627379059791565,36.483322,TabNetRegressor,64,8,5
20,2,2.5058865281619758,1.2518407106399536,1.2409666776657104,19,29,100,True,Adam,0.02,MAE,/home/xen/personal/hospital-stay-length/experiments/models/tabnet_20251217_103631/gs0020_fold2,1.2409666776657104,2.4095726013183594,1.5522798076759097,0.6685247421264648,33.434616,TabNetRegressor,64,8,5
20,3,2.595088948725928,1.2811665534973145,1.229304552078247,14,24,100,True,Adam,0.02,MAE,/home/xen/personal/hospital-stay-length/experiments/models/tabnet_20251217_103631/gs0020_fold3,1.229304552078247,2.390340805053711,1.546072703676548,0.6716861128807068,34.531296,TabNetRegressor,64,8,5
20,4,2.6176659692947504,1.2528260946273804,1.244174838066101,9,19,100,True,Adam,0.02,MAE,/home/xen/personal/hospital-stay-length/experiments/models/tabnet_20251217_103631/gs0020_fold4,1.244174838066101,2.39802622795105,1.5485561752648982,0.6368148326873779,35.4594,TabNetRegressor,64,8,5
20,5,2.497474886403779,1.2697224617004395,1.2173173427581787,23,33,100,True,Adam,0.02,MAE,/home/xen/personal/hospital-stay-length/experiments/models/tabnet_20251217_103631/gs0020_fold5,1.2173173427581787,2.383004665374756,1.543698372537445,0.6751787066459656,33.984047,TabNetRegressor,64,8,5
21,1,2.494292298366943,1.4876494407653809,1.2782762050628662,31,41,100,True,Adam,0.02,MAE,/home/xen/personal/hospital-stay-length/experiments/models/tabnet_20251217_103631/gs0021_fold1,1.2782762050628662,2.566436529159546,1.6020101526393475,0.663855791091919,36.320522,TabNetRegressor,64,8,7
21,2,2.5019646717593504,1.2495144605636597,1.2354669570922852,24,34,100,True,Adam,0.02,MAE,/home/xen/personal/hospital-stay-length/experiments/models/tabnet_20251217_103631/gs0021_fold2,1.2354669570922852,2.393976926803589,1.5472481788011867,0.6706701517105103,33.364643,TabNetRegressor,64,8,7
21,3,2.491350539876827,1.2470062971115112,1.2378565073013306,20,30,100,True,Adam,0.02,MAE,/home/xen/personal/hospital-stay-length/experiments/models/tabnet_20251217_103631/gs0021_fold3,1.2378565073013306,2.3927385807037354,1.5468479500919718,0.6713567972183228,35.06441,TabNetRegressor,64,8,7
21,4,2.5625590338572515,1.249409556388855,1.241882085800171,27,37,100,True,Adam,0.02,MAE,/home/xen/personal/hospital-stay-length/experiments/models/tabnet_20251217_103631/gs0021_fold4,1.241882085800171,2.363037586212158,1.5372174817546664,0.6421139240264893,33.948086,TabNetRegressor,64,8,7
21,5,2.598022379828324,1.290111780166626,1.234372854232788,11,21,100,True,Adam,0.02,MAE,/home/xen/personal/hospital-stay-length/experiments/models/tabnet_20251217_103631/gs0021_fold5,1.234372854232788,2.4440901279449463,1.5633586050375474,0.6668522953987122,36.026405,TabNetRegressor,64,8,7
22,1,2.4864995727570305,1.2853655815124512,1.2747023105621338,24,34,100,True,Adam,0.02,MAE,/home/xen/personal/hospital-stay-length/experiments/models/tabnet_20251217_103631/gs0022_fold1,1.2747023105621338,2.5914385318756104,1.6097945620095784,0.6605810523033142,36.959736,TabNetRegressor,64,32,3
22,2,2.520073416415217,1.236450433731079,1.235416293144226,23,33,100,True,Adam,0.02,MAE,/home/xen/personal/hospital-stay-length/experiments/models/tabnet_20251217_103631/gs0022_fold2,1.235416293144226,2.374687433242798,1.5410020873583519,0.6733237504959106,34.065845,TabNetRegressor,64,32,3
22,3,2.4664973688499408,1.2444137334823608,1.2304069995880127,11,21,100,True,Adam,0.02,MAE,/home/xen/personal/hospital-stay-length/experiments/models/tabnet_20251217_103631/gs0022_fold3,1.2304069995880127,2.3868346214294434,1.5449383875836096,0.6721676588058472,35.115234,TabNetRegressor,64,32,3
22,4,2.5183949572894666,1.242563247680664,1.2390940189361572,33,43,100,True,Adam,0.02,MAE,/home/xen/personal/hospital-stay-length/experiments/models/tabnet_20251217_103631/gs0022_fold4,1.2390940189361572,2.36619234085083,1.5382432645231476,0.6416361331939697,34.242104,TabNetRegressor,64,32,3
22,5,2.4871952183401698,1.239745855331421,1.2168707847595215,12,22,100,True,Adam,0.02,MAE,/home/xen/personal/hospital-stay-length/experiments/models/tabnet_20251217_103631/gs0022_fold5,1.2168707847595215,2.3712456226348877,1.539884938115471,0.6767815351486206,34.85404,TabNetRegressor,64,32,3
23,1,2.489155487999157,1.2868702411651611,1.2867907285690308,11,21,100,True,Adam,0.02,MAE,/home/xen/personal/hospital-stay-length/experiments/models/tabnet_20251217_103631/gs0023_fold1,1.2867907285690308,2.612389326095581,1.61628875084113,0.6578370332717896,37.788662,TabNetRegressor,64,32,5
23,2,2.529310501568831,1.249569296836853,1.233786702156067,22,32,100,True,Adam,0.02,MAE,/home/xen/personal/hospital-stay-length/experiments/models/tabnet_20251217_103631/gs0023_fold2,1.233786702156067,2.3847148418426514,1.5442521950260104,0.6719443202018738,33.321598,TabNetRegressor,64,32,5
23,3,2.543460243554706,1.265669345855713,1.2340404987335205,18,28,100,True,Adam,0.02,MAE,/home/xen/personal/hospital-stay-length/experiments/models/tabnet_20251217_103631/gs0023_fold3,1.2340404987335205,2.409830093383789,1.5523627454251114,0.6690092086791992,34.873844,TabNetRegressor,64,32,5
23,4,2.503379206023077,1.257446050643921,1.2417418956756592,12,22,100,True,Adam,0.02,MAE,/home/xen/personal/hospital-stay-length/experiments/models/tabnet_20251217_103631/gs0023_fold4,1.2417418956756592,2.37331485748291,1.5405566712986933,0.6405574083328247,35.433735,TabNetRegressor,64,32,5
23,5,2.550669689406064,1.236103892326355,1.2216463088989258,15,25,100,True,Adam,0.02,MAE,/home/xen/personal/hospital-stay-length/experiments/models/tabnet_20251217_103631/gs0023_fold5,1.2216463088989258,2.379267454147339,1.5424874243076794,0.6756881475448608,33.938797,TabNetRegressor,64,32,5
24,1,2.478928090466859,1.3296278715133667,1.2847036123275757,9,19,100,True,Adam,0.02,MAE,/home/xen/personal/hospital-stay-length/experiments/models/tabnet_20251217_103631/gs0024_fold1,1.2847036123275757,2.6334662437438965,1.6227958108597325,0.6550763845443726,37.32456,TabNetRegressor,64,32,7
24,2,2.5789240534659563,1.2599507570266724,1.2400811910629272,8,18,100,True,Adam,0.02,MAE,/home/xen/personal/hospital-stay-length/experiments/models/tabnet_20251217_103631/gs0024_fold2,1.2400811910629272,2.479233503341675,1.574558193062954,0.6589417457580566,35.848248,TabNetRegressor,64,32,7
24,3,2.492545880029476,1.2698493003845215,1.2315260171890259,22,32,100,True,Adam,0.02,MAE,/home/xen/personal/hospital-stay-length/experiments/models/tabnet_20251217_103631/gs0024_fold3,1.2315260171890259,2.3938868045806885,1.5472190551375355,0.6711990833282471,33.477867,TabNetRegressor,64,32,7
24,4,2.9864079703416575,1.3429720401763916,1.2804315090179443,10,20,100,True,Adam,0.02,MAE,/home/xen/personal/hospital-stay-length/experiments/models/tabnet_20251217_103631/gs0024_fold4,1.2804315090179443,2.6648035049438477,1.6324225877339016,0.5964109301567078,37.070667,TabNetRegressor,64,32,7
24,5,2.4801095473638033,1.2191427946090698,1.2191251516342163,44,54,100,True,Adam,0.02,MAE,/home/xen/personal/hospital-stay-length/experiments/models/tabnet_20251217_103631/gs0024_fold5,1.2191251516342163,2.332026243209839,1.5270973260437066,0.6821274757385254,34.634075,TabNetRegressor,64,32,7
25,1,2.4870249455165085,1.2833356857299805,1.2782245874404907,21,31,100,True,Adam,0.02,MAE,/home/xen/personal/hospital-stay-length/experiments/models/tabnet_20251217_103631/gs0025_fold1,1.2782245874404907,2.563610553741455,1.601127900494353,0.6642259359359741,35.84325,TabNetRegressor,64,64,3
25,2,2.475068611834807,1.2475533485412598,1.2332791090011597,22,32,100,True,Adam,0.02,MAE,/home/xen/personal/hospital-stay-length/experiments/models/tabnet_20251217_103631/gs0025_fold2,1.2332791090011597,2.394892454147339,1.547544007176319,0.6705442667007446,34.043633,TabNetRegressor,64,64,3
25,3,2.510464071823,1.243874192237854,1.2297217845916748,12,22,100,True,Adam,0.02,MAE,/home/xen/personal/hospital-stay-length/experiments/models/tabnet_20251217_103631/gs0025_fold3,1.2297217845916748,2.3767852783203125,1.5416826127061019,0.6735479831695557,34.986717,TabNetRegressor,64,64,3
25,4,2.4790824692305358,1.26167893409729,1.2371166944503784,13,23,100,True,Adam,0.02,MAE,/home/xen/personal/hospital-stay-length/experiments/models/tabnet_20251217_103631/gs0025_fold4,1.2371166944503784,2.382380247116089,1.5434961117916977,0.6391844153404236,35.2439,TabNetRegressor,64,64,3
25,5,2.514285550365172,1.2443535327911377,1.2197073698043823,8,18,100,True,Adam,0.02,MAE,/home/xen/personal/hospital-stay-length/experiments/models/tabnet_20251217_103631/gs0025_fold5,1.2197073698043823,2.3430259227752686,1.5306945883406227,0.6806280612945557,35.022087,TabNetRegressor,64,64,3
26,1,2.5163660421278857,1.2870044708251953,1.275103211402893,9,19,100,True,Adam,0.02,MAE,/home/xen/personal/hospital-stay-length/experiments/models/tabnet_20251217_103631/gs0026_fold1,1.275103211402893,2.558663845062256,1.5995823970843939,0.6648737788200378,35.758965,TabNetRegressor,64,64,5
26,2,2.498275421091697,1.2456252574920654,1.2342690229415894,13,23,100,True,Adam,0.02,MAE,/home/xen/personal/hospital-stay-length/experiments/models/tabnet_20251217_103631/gs0026_fold2,1.2342690229415894,2.38244891166687,1.5435183548202043,0.6722559928894043,35.27561,TabNetRegressor,64,64,5
26,3,2.5721401429474797,1.2446582317352295,1.2330676317214966,5,15,100,True,Adam,0.02,MAE,/home/xen/personal/hospital-stay-length/experiments/models/tabnet_20251217_103631/gs0026_fold3,1.2330676317214966,2.428010940551758,1.5582076050872546,0.666512131690979,33.755566,TabNetRegressor,64,64,5
26,4,2.532077282538145,1.2685284614562988,1.2439900636672974,10,20,100,True,Adam,0.02,MAE,/home/xen/personal/hospital-stay-length/experiments/models/tabnet_20251217_103631/gs0026_fold4,1.2439900636672974,2.394524335861206,1.5474250663153954,0.6373451948165894,35.90985,TabNetRegressor,64,64,5
26,5,2.496153805933101,1.2333723306655884,1.2227890491485596,14,24,100,True,Adam,0.02,MAE,/home/xen/personal/hospital-stay-length/experiments/models/tabnet_20251217_103631/gs0026_fold5,1.2227890491485596,2.351004123687744,1.5332984457331664,0.6795406341552734,34.82501,TabNetRegressor,64,64,5
27,1,4.414876206556902,1.3501101732254028,1.284578561782837,23,33,100,True,Adam,0.02,MAE,/home/xen/personal/hospital-stay-length/experiments/models/tabnet_20251217_103631/gs0027_fold1,1.284578561782837,2.5764405727386475,1.605129456691468,0.6625454425811768,35.76635,TabNetRegressor,64,64,7
27,2,2.5491249430482252,1.2393944263458252,1.2338882684707642,13,23,100,True,Adam,0.02,MAE,/home/xen/personal/hospital-stay-length/experiments/models/tabnet_20251217_103631/gs0027_fold2,1.2338882684707642,2.4539310932159424,1.5665028226006943,0.6624225378036499,34.21586,TabNetRegressor,64,64,7
27,3,2.5131522918481135,1.2487142086029053,1.2486279010772705,19,29,100,True,Adam,0.02,MAE,/home/xen/personal/hospital-stay-length/experiments/models/tabnet_20251217_103631/gs0027_fold3,1.2486279010772705,2.544185161590576,1.5950502066049759,0.6505555510520935,33.129383,TabNetRegressor,64,64,7
27,4,2.465926938214831,1.2558664083480835,1.2372021675109863,28,38,100,True,Adam,0.02,MAE,/home/xen/personal/hospital-stay-length/experiments/models/tabnet_20251217_103631/gs0027_fold4,1.2372021675109863,2.3809316158294678,1.5430267709373897,0.6394038200378418,35.338634,TabNetRegressor,64,64,7
27,5,2.9975145461127526,1.2790166139602661,1.2190624475479126,28,38,100,True,Adam,0.02,MAE,/home/xen/personal/hospital-stay-length/experiments/models/tabnet_20251217_103631/gs0027_fold5,1.2190624475479126,2.3428847789764404,1.5306484831523013,0.6806473731994629,34.88128,TabNetRegressor,64,64,7
