grid_search_id,fold,final_train_loss,final_val_loss,best_val_loss,best_epoch,actual_epochs,num_epochs,stopped_early,optimizer,learning_rate,loss_function,model_path,mae,mse,rmse,r2,mape,model_name,d_model,n_heads,num_layers
1,1,1.2484968691619474,1.295345748172087,1.2834217443185694,37,47,100,True,Adam,0.001,L1Loss,/home/xen/personal/hospital-stay-length/experiments/models/tabtransformer_20251217_101214/gs0001_fold1.pt,1.2797856330871582,2.6262054443359375,1.6205571401021124,0.6560273766517639,36.256557,SimpleTabTransformer,64,2,1
1,2,1.2666295170783997,1.2522104224737953,1.2382946627981521,31,41,100,True,Adam,0.001,L1Loss,/home/xen/personal/hospital-stay-length/experiments/models/tabtransformer_20251217_101214/gs0001_fold2.pt,1.2440130710601807,2.4668686389923096,1.570626829960672,0.6606427431106567,34.14633,SimpleTabTransformer,64,2,1
1,3,1.2502774084681896,1.2450444417841293,1.2413456615279703,32,42,100,True,Adam,0.001,L1Loss,/home/xen/personal/hospital-stay-length/experiments/models/tabtransformer_20251217_101214/gs0001_fold3.pt,1.2472131252288818,2.4703128337860107,1.5717228870847464,0.6607019305229187,35.862537,SimpleTabTransformer,64,2,1
1,4,1.2569913904168712,1.2878794915535872,1.2628704204278833,46,56,100,True,Adam,0.001,L1Loss,/home/xen/personal/hospital-stay-length/experiments/models/tabtransformer_20251217_101214/gs0001_fold4.pt,1.2603344917297363,2.490525960922241,1.5781400321017909,0.6228055953979492,35.526493,SimpleTabTransformer,64,2,1
1,5,1.2568667028377305,1.244230915518368,1.2338339055285734,28,38,100,True,Adam,0.001,L1Loss,/home/xen/personal/hospital-stay-length/experiments/models/tabtransformer_20251217_101214/gs0001_fold5.pt,1.2338882684707642,2.5008864402770996,1.5814191222686982,0.6591105461120605,37.235874,SimpleTabTransformer,64,2,1
2,1,1.2603250688581324,1.2968135861789478,1.2894664862576652,34,44,100,True,Adam,0.001,L1Loss,/home/xen/personal/hospital-stay-length/experiments/models/tabtransformer_20251217_101214/gs0002_fold1.pt,1.2855935096740723,2.689335823059082,1.639919456271887,0.6477587223052979,37.270664,SimpleTabTransformer,64,2,2
2,2,1.2714939028469485,1.2563965951695162,1.2325510014505947,39,49,100,True,Adam,0.001,L1Loss,/home/xen/personal/hospital-stay-length/experiments/models/tabtransformer_20251217_101214/gs0002_fold2.pt,1.2382127046585083,2.505782127380371,1.5829662432851723,0.6552895903587341,35.031693,SimpleTabTransformer,64,2,2
2,3,1.3618450814218663,1.2840940110823686,1.252616286277771,24,34,100,True,Adam,0.001,L1Loss,/home/xen/personal/hospital-stay-length/experiments/models/tabtransformer_20251217_101214/gs0002_fold3.pt,1.2603321075439453,2.641005754470825,1.6251171509989135,0.6372572183609009,36.46249,SimpleTabTransformer,64,2,2
2,4,1.2724080428258697,1.288101497818442,1.2737493444891537,36,46,100,True,Adam,0.001,L1Loss,/home/xen/personal/hospital-stay-length/experiments/models/tabtransformer_20251217_101214/gs0002_fold4.pt,1.2712539434432983,2.6238791942596436,1.6198392495120135,0.6026089787483215,35.53774,SimpleTabTransformer,64,2,2
2,5,1.26133277611946,1.231492107405382,1.2261508177308476,46,56,100,True,Adam,0.001,L1Loss,/home/xen/personal/hospital-stay-length/experiments/models/tabtransformer_20251217_101214/gs0002_fold5.pt,1.226153016090393,2.5120739936828613,1.5849523632219553,0.657585620880127,37.00574,SimpleTabTransformer,64,2,2
3,1,1.6405185398770803,1.6592180027681238,1.466643042424146,26,36,100,True,Adam,0.001,L1Loss,/home/xen/personal/hospital-stay-length/experiments/models/tabtransformer_20251217_101214/gs0003_fold1.pt,1.4665414094924927,5.353152751922607,2.3136881276271026,0.2988598942756653,40.192863,SimpleTabTransformer,64,2,3
3,2,1.4107609978362696,1.4351878797306734,1.4226631171563093,31,41,100,True,Adam,0.001,L1Loss,/home/xen/personal/hospital-stay-length/experiments/models/tabtransformer_20251217_101214/gs0003_fold2.pt,1.4295828342437744,4.649491310119629,2.156267912417107,0.3603881001472473,38.08205,SimpleTabTransformer,64,2,3
3,3,1.2772803804767665,1.2590193415389341,1.2414568347089432,47,57,100,True,Adam,0.001,L1Loss,/home/xen/personal/hospital-stay-length/experiments/models/tabtransformer_20251217_101214/gs0003_fold3.pt,1.247632384300232,2.5079689025878906,1.58365681338726,0.6555298566818237,37.685844,SimpleTabTransformer,64,2,3
3,4,1.2678896802574842,1.2652838720994837,1.2628219899009256,41,51,100,True,Adam,0.001,L1Loss,/home/xen/personal/hospital-stay-length/experiments/models/tabtransformer_20251217_101214/gs0003_fold4.pt,1.2613059282302856,2.641273021697998,1.625199379060304,0.5999746322631836,35.681152,SimpleTabTransformer,64,2,3
3,5,1.4526804311951595,1.4292009402723873,1.4166358989827774,27,37,100,True,Adam,0.001,L1Loss,/home/xen/personal/hospital-stay-length/experiments/models/tabtransformer_20251217_101214/gs0003_fold5.pt,1.4159371852874756,4.677752494812012,2.162811248077837,0.362387478351593,38.254417,SimpleTabTransformer,64,2,3
4,1,1.2458962019699722,1.287393026492175,1.2843438457040226,35,45,100,True,Adam,0.001,L1Loss,/home/xen/personal/hospital-stay-length/experiments/models/tabtransformer_20251217_101214/gs0004_fold1.pt,1.280720829963684,2.6706931591033936,1.634225553313677,0.6502004861831665,36.15432,SimpleTabTransformer,64,4,1
4,2,1.2583577321536505,1.255090411971597,1.2318507660837734,28,38,100,True,Adam,0.001,L1Loss,/home/xen/personal/hospital-stay-length/experiments/models/tabtransformer_20251217_101214/gs0004_fold2.pt,1.2363547086715698,2.4543545246124268,1.566637968585093,0.6623642444610596,35.3288,SimpleTabTransformer,64,4,1
4,3,1.2515898080014471,1.2613905755912556,1.2502234472947962,35,45,100,True,Adam,0.001,L1Loss,/home/xen/personal/hospital-stay-length/experiments/models/tabtransformer_20251217_101214/gs0004_fold3.pt,1.2572400569915771,2.5408825874328613,1.5940146133059325,0.6510091423988342,34.901062,SimpleTabTransformer,64,4,1
4,4,1.2553062367795118,1.322618470472448,1.2693780345075272,22,32,100,True,Adam,0.001,L1Loss,/home/xen/personal/hospital-stay-length/experiments/models/tabtransformer_20251217_101214/gs0004_fold4.pt,1.2664484977722168,2.575927734375,1.6049696988962128,0.6098713278770447,35.20833,SimpleTabTransformer,64,4,1
4,5,1.2603879917913408,1.252672297113082,1.2325356497484095,23,33,100,True,Adam,0.001,L1Loss,/home/xen/personal/hospital-stay-length/experiments/models/tabtransformer_20251217_101214/gs0004_fold5.pt,1.232234239578247,2.5194475650787354,1.5872767764566882,0.6565805673599243,36.090244,SimpleTabTransformer,64,4,1
5,1,1.263862747309813,1.3562326992259306,1.280968676595127,36,46,100,True,Adam,0.001,L1Loss,/home/xen/personal/hospital-stay-length/experiments/models/tabtransformer_20251217_101214/gs0005_fold1.pt,1.277706265449524,2.6587002277374268,1.6305521235880276,0.6517713069915771,37.184628,SimpleTabTransformer,64,4,2
5,2,1.2961691004126819,1.2587733391453237,1.2364221776233,42,52,100,True,Adam,0.001,L1Loss,/home/xen/personal/hospital-stay-length/experiments/models/tabtransformer_20251217_101214/gs0005_fold2.pt,1.2416050434112549,2.475398540496826,1.5733399316412287,0.6594693660736084,34.880707,SimpleTabTransformer,64,4,2
5,3,1.2505564965418916,1.3182140010244705,1.2446658926851608,36,46,100,True,Adam,0.001,L1Loss,/home/xen/personal/hospital-stay-length/experiments/models/tabtransformer_20251217_101214/gs0005_fold3.pt,1.250930666923523,2.4880502223968506,1.5773554521403381,0.6582657098770142,37.18436,SimpleTabTransformer,64,4,2
5,4,1.2692594626056615,1.2785469153348137,1.2561259164529688,26,36,100,True,Adam,0.001,L1Loss,/home/xen/personal/hospital-stay-length/experiments/models/tabtransformer_20251217_101214/gs0005_fold4.pt,1.252835988998413,2.538426399230957,1.5932439860959642,0.6155509948730469,36.768024,SimpleTabTransformer,64,4,2
5,5,1.2585259222272616,1.239288147758035,1.2203522815423853,41,51,100,True,Adam,0.001,L1Loss,/home/xen/personal/hospital-stay-length/experiments/models/tabtransformer_20251217_101214/gs0005_fold5.pt,1.2212095260620117,2.427955389022827,1.5581897795271369,0.6690515875816345,35.57736,SimpleTabTransformer,64,4,2
6,1,1.4446512238303226,1.4767204978886772,1.4342292406979729,28,38,100,True,Adam,0.001,L1Loss,/home/xen/personal/hospital-stay-length/experiments/models/tabtransformer_20251217_101214/gs0006_fold1.pt,1.4327528476715088,4.5350117683410645,2.129556707002907,0.40601760149002075,39.262287,SimpleTabTransformer,64,4,3
6,2,1.4586715449148149,1.433046530274784,1.4238925120409798,29,39,100,True,Adam,0.001,L1Loss,/home/xen/personal/hospital-stay-length/experiments/models/tabtransformer_20251217_101214/gs0006_fold2.pt,1.4303754568099976,4.39534854888916,2.096508657003152,0.39534956216812134,37.658043,SimpleTabTransformer,64,4,3
6,3,1.312961397775963,1.3879801490727592,1.2484918604878819,46,56,100,True,Adam,0.001,L1Loss,/home/xen/personal/hospital-stay-length/experiments/models/tabtransformer_20251217_101214/gs0006_fold3.pt,1.2544934749603271,2.467167615890503,1.5707220046496142,0.661133885383606,35.88868,SimpleTabTransformer,64,4,3
6,4,1.8542090316316975,1.8209041637532852,1.360935677500332,35,45,100,True,Adam,0.001,L1Loss,/home/xen/personal/hospital-stay-length/experiments/models/tabtransformer_20251217_101214/gs0006_fold4.pt,1.3605566024780273,3.333559274673462,1.825803733886384,0.49512672424316406,38.73357,SimpleTabTransformer,64,4,3
6,5,1.8451491781135103,1.8876521867864273,1.2308560592286728,56,66,100,True,Adam,0.001,L1Loss,/home/xen/personal/hospital-stay-length/experiments/models/tabtransformer_20251217_101214/gs0006_fold5.pt,1.2303664684295654,2.5779387950897217,1.6055960871557085,0.6486077308654785,37.757168,SimpleTabTransformer,64,4,3
7,1,1.3077432393138089,1.3217697424047135,1.2892523478059208,28,38,100,True,Adam,0.001,L1Loss,/home/xen/personal/hospital-stay-length/experiments/models/tabtransformer_20251217_101214/gs0007_fold1.pt,1.2861322164535522,2.6555416584014893,1.6295832775287948,0.6521850228309631,36.540817,SimpleTabTransformer,64,8,1
7,2,1.2557000944863503,1.2517181792679954,1.2306389160016005,35,45,100,True,Adam,0.001,L1Loss,/home/xen/personal/hospital-stay-length/experiments/models/tabtransformer_20251217_101214/gs0007_fold2.pt,1.2359074354171753,2.4481728076934814,1.5646638002118798,0.6632146835327148,35.647205,SimpleTabTransformer,64,8,1
7,3,1.2538992660259134,1.2503747957594253,1.249711976331823,22,32,100,True,Adam,0.001,L1Loss,/home/xen/personal/hospital-stay-length/experiments/models/tabtransformer_20251217_101214/gs0007_fold3.pt,1.2562118768692017,2.5102336406707764,1.5843716864015136,0.6552188396453857,37.255356,SimpleTabTransformer,64,8,1
7,4,1.2767958311892267,1.3284615979475134,1.2707931925268734,18,28,100,True,Adam,0.001,L1Loss,/home/xen/personal/hospital-stay-length/experiments/models/tabtransformer_20251217_101214/gs0007_fold4.pt,1.2679742574691772,2.585442304611206,1.607931063388977,0.6084303259849548,37.51078,SimpleTabTransformer,64,8,1
7,5,1.339290860428739,1.24182208145366,1.2368288127815021,21,31,100,True,Adam,0.001,L1Loss,/home/xen/personal/hospital-stay-length/experiments/models/tabtransformer_20251217_101214/gs0007_fold5.pt,1.2361464500427246,2.495795488357544,1.5798086872648676,0.6598044633865356,37.12281,SimpleTabTransformer,64,8,1
8,1,1.2501443402091068,1.3240065259091995,1.281028786126305,59,69,100,True,Adam,0.001,L1Loss,/home/xen/personal/hospital-stay-length/experiments/models/tabtransformer_20251217_101214/gs0008_fold1.pt,1.2776168584823608,2.6316466331481934,1.6222350733319117,0.6553146839141846,36.951637,SimpleTabTransformer,64,8,2
8,2,1.2776037138789447,1.245099258773467,1.2385769398773419,29,39,100,True,Adam,0.001,L1Loss,/home/xen/personal/hospital-stay-length/experiments/models/tabtransformer_20251217_101214/gs0008_fold2.pt,1.2448352575302124,2.5264220237731934,1.589472246933929,0.6524502038955688,33.91296,SimpleTabTransformer,64,8,2
8,3,1.2775770430244617,1.3174287291134106,1.246171623468399,37,47,100,True,Adam,0.001,L1Loss,/home/xen/personal/hospital-stay-length/experiments/models/tabtransformer_20251217_101214/gs0008_fold3.pt,1.252105474472046,2.518883228302002,1.587098997637514,0.6540307998657227,35.980545,SimpleTabTransformer,64,8,2
8,4,1.2620831394373482,1.3285523337476395,1.2620278491693384,27,37,100,True,Adam,0.001,L1Loss,/home/xen/personal/hospital-stay-length/experiments/models/tabtransformer_20251217_101214/gs0008_fold4.pt,1.2588151693344116,2.642472505569458,1.6255683638559955,0.5997929573059082,37.500496,SimpleTabTransformer,64,8,2
8,5,1.3187370513802144,1.287391119143542,1.220696103923461,42,52,100,True,Adam,0.001,L1Loss,/home/xen/personal/hospital-stay-length/experiments/models/tabtransformer_20251217_101214/gs0008_fold5.pt,1.2206103801727295,2.5332086086273193,1.5916056699532455,0.6547048091888428,35.131992,SimpleTabTransformer,64,8,2
9,1,1.8425442967841874,1.8721204715616562,1.5435198755825268,11,21,100,True,Adam,0.001,L1Loss,/home/xen/personal/hospital-stay-length/experiments/models/tabtransformer_20251217_101214/gs0009_fold1.pt,1.5475956201553345,6.3608503341674805,2.522072626663927,0.1668747067451477,39.314003,SimpleTabTransformer,64,8,3
9,2,1.480995558091064,1.489722984678605,1.4759689674657934,11,21,100,True,Adam,0.001,L1Loss,/home/xen/personal/hospital-stay-length/experiments/models/tabtransformer_20251217_101214/gs0009_fold2.pt,1.485498070716858,5.655847072601318,2.3782024877207824,0.2219477891921997,38.89454,SimpleTabTransformer,64,8,3
9,3,1.4511726285094646,1.5225813862155466,1.444708599763758,26,36,100,True,Adam,0.001,L1Loss,/home/xen/personal/hospital-stay-length/experiments/models/tabtransformer_20251217_101214/gs0009_fold3.pt,1.4510149955749512,4.978621482849121,2.231282474911933,0.3161851167678833,40.0713,SimpleTabTransformer,64,8,3
9,4,1.46143307436758,1.3914304550956278,1.2583550425136791,46,56,100,True,Adam,0.001,L1Loss,/home/xen/personal/hospital-stay-length/experiments/models/tabtransformer_20251217_101214/gs0009_fold4.pt,1.2552106380462646,2.5862348079681396,1.6081774802453055,0.608310341835022,36.38279,SimpleTabTransformer,64,8,3
9,5,1.2648848793399867,1.240390940624125,1.2398279852726881,56,66,100,True,Adam,0.001,L1Loss,/home/xen/personal/hospital-stay-length/experiments/models/tabtransformer_20251217_101214/gs0009_fold5.pt,1.2405729293823242,2.49092698097229,1.578267081634883,0.6604681015014648,37.603302,SimpleTabTransformer,64,8,3
10,1,1.2485485361583197,1.3039882673936731,1.2829592929166906,32,42,100,True,Adam,0.001,L1Loss,/home/xen/personal/hospital-stay-length/experiments/models/tabtransformer_20251217_101214/gs0010_fold1.pt,1.2791814804077148,2.6413042545318604,1.62520898795566,0.6540497541427612,36.27954,SimpleTabTransformer,128,2,1
10,2,1.2657033409645309,1.233019769191742,1.2328301738290226,32,42,100,True,Adam,0.001,L1Loss,/home/xen/personal/hospital-stay-length/experiments/models/tabtransformer_20251217_101214/gs0010_fold2.pt,1.2378648519515991,2.4457333087921143,1.5638840458269643,0.6635502576828003,35.00431,SimpleTabTransformer,128,2,1
10,3,1.2719824678862273,1.2964026559801662,1.2505859276827644,19,29,100,True,Adam,0.001,L1Loss,/home/xen/personal/hospital-stay-length/experiments/models/tabtransformer_20251217_101214/gs0010_fold3.pt,1.2580037117004395,2.6011648178100586,1.6128127038841362,0.6427294015884399,36.048397,SimpleTabTransformer,128,2,1
10,4,1.2692376766631852,1.2767971017781425,1.261397477458505,29,39,100,True,Adam,0.001,L1Loss,/home/xen/personal/hospital-stay-length/experiments/models/tabtransformer_20251217_101214/gs0010_fold4.pt,1.2574573755264282,2.5267536640167236,1.5895765675225348,0.617318868637085,35.945137,SimpleTabTransformer,128,2,1
10,5,1.26673305924259,1.237763993880328,1.2299510117839365,27,37,100,True,Adam,0.001,L1Loss,/home/xen/personal/hospital-stay-length/experiments/models/tabtransformer_20251217_101214/gs0010_fold5.pt,1.2289185523986816,2.4978187084198,1.580448894592862,0.6595287322998047,37.384644,SimpleTabTransformer,128,2,1
11,1,1.2526054044268025,1.3072793378549463,1.288406284416423,47,57,100,True,Adam,0.001,L1Loss,/home/xen/personal/hospital-stay-length/experiments/models/tabtransformer_20251217_101214/gs0011_fold1.pt,1.2848496437072754,2.7020912170410156,1.6438038864295874,0.6460881233215332,38.55308,SimpleTabTransformer,128,2,2
11,2,1.2782891272608914,1.2516494516064138,1.2270885793601765,43,53,100,True,Adam,0.001,L1Loss,/home/xen/personal/hospital-stay-length/experiments/models/tabtransformer_20251217_101214/gs0011_fold2.pt,1.2327088117599487,2.536334991455078,1.5925875145357251,0.6510865688323975,35.795544,SimpleTabTransformer,128,2,2
11,3,1.2691361254720546,1.3231629448778488,1.2397819967830883,47,57,100,True,Adam,0.001,L1Loss,/home/xen/personal/hospital-stay-length/experiments/models/tabtransformer_20251217_101214/gs0011_fold3.pt,1.246273159980774,2.520833969116211,1.5877134404911395,0.6537628173828125,36.28896,SimpleTabTransformer,128,2,2
11,4,1.4581888727287748,1.3955584483988144,1.2633489650838516,35,45,100,True,Adam,0.001,L1Loss,/home/xen/personal/hospital-stay-length/experiments/models/tabtransformer_20251217_101214/gs0011_fold4.pt,1.259482979774475,2.5719566345214844,1.6037320956199275,0.6104727387428284,36.212265,SimpleTabTransformer,128,2,2
11,5,1.2854691236766416,1.2742963012527018,1.217310937011943,61,71,100,True,Adam,0.001,L1Loss,/home/xen/personal/hospital-stay-length/experiments/models/tabtransformer_20251217_101214/gs0011_fold5.pt,1.2179172039031982,2.442988157272339,1.563006128354057,0.6670025587081909,35.80654,SimpleTabTransformer,128,2,2
12,1,1.8456068065629077,1.8669874597998226,1.8092483211966122,5,15,100,True,Adam,0.001,L1Loss,/home/xen/personal/hospital-stay-length/experiments/models/tabtransformer_20251217_101214/gs0012_fold1.pt,1.813910722732544,7.624955177307129,2.7613321381730103,0.0013059377670288086,51.900112,SimpleTabTransformer,128,2,3
12,2,1.2604666387856895,1.2536054954809301,1.2470281018930323,63,73,100,True,Adam,0.001,L1Loss,/home/xen/personal/hospital-stay-length/experiments/models/tabtransformer_20251217_101214/gs0012_fold2.pt,1.2518784999847412,2.5913257598876953,1.6097595348025417,0.6435216665267944,35.727283,SimpleTabTransformer,128,2,3
12,3,1.5243471932055346,1.5220880859038408,1.5171271001591402,15,25,100,True,Adam,0.001,L1Loss,/home/xen/personal/hospital-stay-length/experiments/models/tabtransformer_20251217_101214/gs0012_fold3.pt,1.5249624252319336,5.86800479888916,2.422396499107683,0.19402813911437988,41.83933,SimpleTabTransformer,128,2,3
12,4,1.8582717740713661,1.8399096727371216,1.7738086686414831,6,16,100,True,Adam,0.001,L1Loss,/home/xen/personal/hospital-stay-length/experiments/models/tabtransformer_20251217_101214/gs0012_fold4.pt,1.7754883766174316,6.333350658416748,2.516614920566265,0.04080319404602051,59.090996,SimpleTabTransformer,128,2,3
12,5,1.8487926837223678,1.9133336473913753,1.520759354619419,8,18,100,True,Adam,0.001,L1Loss,/home/xen/personal/hospital-stay-length/experiments/models/tabtransformer_20251217_101214/gs0012_fold5.pt,1.521440863609314,5.953533172607422,2.4399863058237483,0.18848907947540283,40.84168,SimpleTabTransformer,128,2,3
13,1,1.245839891149037,1.2987738812670988,1.2829417375957264,42,52,100,True,Adam,0.001,L1Loss,/home/xen/personal/hospital-stay-length/experiments/models/tabtransformer_20251217_101214/gs0013_fold1.pt,1.278969645500183,2.619354486465454,1.6184419935436223,0.6569247245788574,37.08674,SimpleTabTransformer,128,4,1
13,2,1.2671415876986376,1.2573061936041887,1.2400178558686201,24,34,100,True,Adam,0.001,L1Loss,/home/xen/personal/hospital-stay-length/experiments/models/tabtransformer_20251217_101214/gs0013_fold2.pt,1.2452322244644165,2.5486717224121094,1.596455988247753,0.649389386177063,34.72276,SimpleTabTransformer,128,4,1
13,3,1.271943945938082,1.2801468635306639,1.2460505979902603,28,38,100,True,Adam,0.001,L1Loss,/home/xen/personal/hospital-stay-length/experiments/models/tabtransformer_20251217_101214/gs0013_fold3.pt,1.253121018409729,2.5456526279449463,1.5955101466129717,0.6503540277481079,36.0345,SimpleTabTransformer,128,4,1
13,4,1.265794938179984,1.31251359687132,1.2726851070628447,22,32,100,True,Adam,0.001,L1Loss,/home/xen/personal/hospital-stay-length/experiments/models/tabtransformer_20251217_101214/gs0013_fold4.pt,1.2711057662963867,2.642564296722412,1.625596597167456,0.5997790694236755,35.539433,SimpleTabTransformer,128,4,1
13,5,1.2660415537321745,1.272008825750912,1.2320370376110077,31,41,100,True,Adam,0.001,L1Loss,/home/xen/personal/hospital-stay-length/experiments/models/tabtransformer_20251217_101214/gs0013_fold5.pt,1.2318170070648193,2.525587320327759,1.5892096527292296,0.6557436585426331,35.696068,SimpleTabTransformer,128,4,1
14,1,1.4767109440333808,1.4737862944602966,1.2858276156818165,40,50,100,True,Adam,0.001,L1Loss,/home/xen/personal/hospital-stay-length/experiments/models/tabtransformer_20251217_101214/gs0014_fold1.pt,1.2819410562515259,2.6607086658477783,1.6311678840167796,0.6515082120895386,38.03765,SimpleTabTransformer,128,4,2
14,2,1.2666432003476726,1.2462970316410065,1.2338352098184473,38,48,100,True,Adam,0.001,L1Loss,/home/xen/personal/hospital-stay-length/experiments/models/tabtransformer_20251217_101214/gs0014_fold2.pt,1.238380789756775,2.5599801540374756,1.5999937981246914,0.6478337645530701,36.58963,SimpleTabTransformer,128,4,2
14,3,1.4937378790841174,1.5710128475637997,1.507634162902832,7,17,100,True,Adam,0.001,L1Loss,/home/xen/personal/hospital-stay-length/experiments/models/tabtransformer_20251217_101214/gs0014_fold3.pt,1.5159211158752441,6.0348381996154785,2.4565907676321426,0.1711134910583496,39.883636,SimpleTabTransformer,128,4,2
14,4,1.264140603257649,1.2589560291346382,1.2482667319914873,63,73,100,True,Adam,0.001,L1Loss,/home/xen/personal/hospital-stay-length/experiments/models/tabtransformer_20251217_101214/gs0014_fold4.pt,1.2449638843536377,2.439140558242798,1.561774810349686,0.6305879354476929,36.770283,SimpleTabTransformer,128,4,2
14,5,1.2810947183352799,1.269373795565437,1.253768479122835,30,40,100,True,Adam,0.001,L1Loss,/home/xen/personal/hospital-stay-length/experiments/models/tabtransformer_20251217_101214/gs0014_fold5.pt,1.2545604705810547,2.583817958831787,1.6074258797318735,0.6478064060211182,39.290184,SimpleTabTransformer,128,4,2
15,1,1.4433173795244587,1.5019812303430893,1.458890339907478,58,68,100,True,Adam,0.001,L1Loss,/home/xen/personal/hospital-stay-length/experiments/models/tabtransformer_20251217_101214/gs0015_fold1.pt,1.45733642578125,4.999033451080322,2.235851840145121,0.3452414274215698,38.970898,SimpleTabTransformer,128,4,3
15,2,1.5373725988971654,1.5147428687881022,1.5095041078679703,6,16,100,True,Adam,0.001,L1Loss,/home/xen/personal/hospital-stay-length/experiments/models/tabtransformer_20251217_101214/gs0015_fold2.pt,1.5201796293258667,5.93384313583374,2.4359480979351225,0.18370497226715088,38.817432,SimpleTabTransformer,128,4,3
15,3,1.8453991066164046,1.8871589338078218,1.8335896239561194,23,33,100,True,Adam,0.001,L1Loss,/home/xen/personal/hospital-stay-length/experiments/models/tabtransformer_20251217_101214/gs0015_fold3.pt,1.837122917175293,7.393319606781006,2.7190659438088303,-0.015474319458007812,58.62784,SimpleTabTransformer,128,4,3
15,4,1.399083009406702,1.4616353757241194,1.3145135676159578,38,46,100,True,Adam,0.001,L1Loss,/home/xen/personal/hospital-stay-length/experiments/models/tabtransformer_20251217_101214/gs0015_fold4.pt,1.312981128692627,2.8553082942962646,1.6897657513088211,0.5675586462020874,38.39481,SimpleTabTransformer,128,4,3
15,5,1.4938442288939633,1.6064681796466602,1.489712052485522,16,26,100,True,Adam,0.001,L1Loss,/home/xen/personal/hospital-stay-length/experiments/models/tabtransformer_20251217_101214/gs0015_fold5.pt,1.4896738529205322,5.406368732452393,2.325159936961841,0.2630716562271118,41.943123,SimpleTabTransformer,128,4,3
16,1,1.2487254738807678,1.3289183343158049,1.294177672442268,31,41,100,True,Adam,0.001,L1Loss,/home/xen/personal/hospital-stay-length/experiments/models/tabtransformer_20251217_101214/gs0016_fold1.pt,1.2908589839935303,2.7253854274749756,1.6508741404101572,0.6430370807647705,39.354153,SimpleTabTransformer,128,8,1
16,2,1.2669637808159215,1.263777073691873,1.2419318206170027,33,43,100,True,Adam,0.001,L1Loss,/home/xen/personal/hospital-stay-length/experiments/models/tabtransformer_20251217_101214/gs0016_fold2.pt,1.246828317642212,2.52912974357605,1.5903237857669268,0.6520777344703674,35.62023,SimpleTabTransformer,128,8,1
16,3,1.2649586645524893,1.3452961988308851,1.2549719687770395,19,29,100,True,Adam,0.001,L1Loss,/home/xen/personal/hospital-stay-length/experiments/models/tabtransformer_20251217_101214/gs0016_fold3.pt,1.2619524002075195,2.5727620124816895,1.60398317088481,0.6466305255889893,37.089947,SimpleTabTransformer,128,8,1
16,4,1.2553617131354204,1.301735148710363,1.2586449630120222,40,50,100,True,Adam,0.001,L1Loss,/home/xen/personal/hospital-stay-length/experiments/models/tabtransformer_20251217_101214/gs0016_fold4.pt,1.255077600479126,2.53767728805542,1.5930088788375976,0.6156643629074097,36.06774,SimpleTabTransformer,128,8,1
16,5,1.339086741653841,1.3100807246039896,1.228511450921788,33,43,100,True,Adam,0.001,L1Loss,/home/xen/personal/hospital-stay-length/experiments/models/tabtransformer_20251217_101214/gs0016_fold5.pt,1.228737473487854,2.4740450382232666,1.5729097361969842,0.6627692580223083,36.78231,SimpleTabTransformer,128,8,1
17,1,1.5561623955840496,1.624741561272565,1.5382605720968807,10,20,100,True,Adam,0.001,L1Loss,/home/xen/personal/hospital-stay-length/experiments/models/tabtransformer_20251217_101214/gs0017_fold1.pt,1.5401813983917236,6.437717437744141,2.5372657404663275,0.1568068265914917,39.18068,SimpleTabTransformer,128,8,2
17,2,1.3260214942604749,1.2707998384447659,1.2322126136106604,38,48,100,True,Adam,0.001,L1Loss,/home/xen/personal/hospital-stay-length/experiments/models/tabtransformer_20251217_101214/gs0017_fold2.pt,1.2380176782608032,2.4935033321380615,1.5790830668897888,0.6569787263870239,34.831314,SimpleTabTransformer,128,8,2
17,3,1.2800533931646774,1.3026041546288658,1.2451120036489822,48,58,100,True,Adam,0.001,L1Loss,/home/xen/personal/hospital-stay-length/experiments/models/tabtransformer_20251217_101214/gs0017_fold3.pt,1.2507480382919312,2.5117249488830566,1.5848422473177122,0.6550139784812927,34.43367,SimpleTabTransformer,128,8,2
17,4,1.3459426858531895,1.2812410137232613,1.2685388607137345,36,46,100,True,Adam,0.001,L1Loss,/home/xen/personal/hospital-stay-length/experiments/models/tabtransformer_20251217_101214/gs0017_fold4.pt,1.26449716091156,2.5808513164520264,1.6065028218002066,0.6091256141662598,37.119877,SimpleTabTransformer,128,8,2
17,5,1.368182922477153,1.2509101839626537,1.2386237523135017,39,49,100,True,Adam,0.001,L1Loss,/home/xen/personal/hospital-stay-length/experiments/models/tabtransformer_20251217_101214/gs0017_fold5.pt,1.2398656606674194,2.542222499847412,1.5944348528075432,0.6534761190414429,35.945927,SimpleTabTransformer,128,8,2
18,1,1.4178072365362253,1.4801264194881214,1.4656531004344715,37,47,100,True,Adam,0.001,L1Loss,/home/xen/personal/hospital-stay-length/experiments/models/tabtransformer_20251217_101214/gs0018_fold1.pt,1.4653167724609375,5.153481483459473,2.2701280764440304,0.3250122666358948,39.270313,SimpleTabTransformer,128,8,3
18,2,1.848231385003275,1.8686972260475159,1.5372968491385965,6,16,100,True,Adam,0.001,L1Loss,/home/xen/personal/hospital-stay-length/experiments/models/tabtransformer_20251217_101214/gs0018_fold2.pt,1.5451871156692505,6.204151153564453,2.490813351811904,0.14651978015899658,38.493614,SimpleTabTransformer,128,8,3
18,3,1.4799284881620265,1.5656594774302315,1.502690644825206,15,23,100,True,Adam,0.001,L1Loss,/home/xen/personal/hospital-stay-length/experiments/models/tabtransformer_20251217_101214/gs0018_fold3.pt,1.5098170042037964,5.97688102722168,2.4447660475435433,0.17907392978668213,37.9588,SimpleTabTransformer,128,8,3
18,4,1.8541982520872087,1.8288296881844015,1.4832516803460962,23,33,100,True,Adam,0.001,L1Loss,/home/xen/personal/hospital-stay-length/experiments/models/tabtransformer_20251217_101214/gs0018_fold4.pt,1.4815350770950317,4.787755489349365,2.1880940311945842,0.27488619089126587,43.07749,SimpleTabTransformer,128,8,3
18,5,1.4484491321577955,1.4385395856464611,1.417349422679228,33,43,100,True,Adam,0.001,L1Loss,/home/xen/personal/hospital-stay-length/experiments/models/tabtransformer_20251217_101214/gs0018_fold5.pt,1.4197824001312256,4.641233921051025,2.1543523205481097,0.3673652410507202,40.367138,SimpleTabTransformer,128,8,3
19,1,1.2678639350542382,1.301099668530857,1.2827673203804915,34,44,100,True,Adam,0.001,L1Loss,/home/xen/personal/hospital-stay-length/experiments/models/tabtransformer_20251217_101214/gs0019_fold1.pt,1.2790632247924805,2.6480069160461426,1.627269773591995,0.6531718969345093,38.286255,SimpleTabTransformer,256,2,1
19,2,1.277185410705965,1.2377925269743975,1.2370223297792322,24,34,100,True,Adam,0.001,L1Loss,/home/xen/personal/hospital-stay-length/experiments/models/tabtransformer_20251217_101214/gs0019_fold2.pt,1.2417356967926025,2.4974734783172607,1.5803396718165563,0.6564326286315918,36.893387,SimpleTabTransformer,256,2,1
19,3,1.2891745229265583,1.3147243156152613,1.2522865393582512,28,38,100,True,Adam,0.001,L1Loss,/home/xen/personal/hospital-stay-length/experiments/models/tabtransformer_20251217_101214/gs0019_fold3.pt,1.2580327987670898,2.5324597358703613,1.5913703955617502,0.6521660089492798,38.039608,SimpleTabTransformer,256,2,1
19,4,1.251131648892787,1.3030824906685774,1.2572499513626099,48,58,100,True,Adam,0.001,L1Loss,/home/xen/personal/hospital-stay-length/experiments/models/tabtransformer_20251217_101214/gs0019_fold4.pt,1.2530794143676758,2.542142868041992,1.5944098808154672,0.6149880886077881,35.363014,SimpleTabTransformer,256,2,1
19,5,1.2693289540596862,1.2611123849363888,1.2300391880904926,46,56,100,True,Adam,0.001,L1Loss,/home/xen/personal/hospital-stay-length/experiments/models/tabtransformer_20251217_101214/gs0019_fold5.pt,1.2309881448745728,2.44907283782959,1.5649513851329664,0.6661731004714966,35.59726,SimpleTabTransformer,256,2,1
20,1,1.259962132617609,1.300318469019497,1.2813392316593843,69,79,100,True,Adam,0.001,L1Loss,/home/xen/personal/hospital-stay-length/experiments/models/tabtransformer_20251217_101214/gs0020_fold1.pt,1.277837872505188,2.5952465534210205,1.6109768941300866,0.6600822806358337,36.649677,SimpleTabTransformer,256,2,2
20,2,1.8452103351479145,1.8798208832740784,1.8376227231586681,2,12,100,True,Adam,0.001,L1Loss,/home/xen/personal/hospital-stay-length/experiments/models/tabtransformer_20251217_101214/gs0020_fold2.pt,1.8491688966751099,7.271053791046143,2.696489160194445,-0.0002497434616088867,57.244568,SimpleTabTransformer,256,2,2
20,3,1.44056895508695,1.461681786705466,1.2475235164165497,40,50,100,True,Adam,0.001,L1Loss,/home/xen/personal/hospital-stay-length/experiments/models/tabtransformer_20251217_101214/gs0020_fold3.pt,1.2533897161483765,2.523986577987671,1.588705944467909,0.6533298492431641,35.536465,SimpleTabTransformer,256,2,2
20,4,1.8565756073638575,1.8256134531077217,1.4802356958389282,10,20,100,True,Adam,0.001,L1Loss,/home/xen/personal/hospital-stay-length/experiments/models/tabtransformer_20251217_101214/gs0020_fold4.pt,1.4815419912338257,5.1990742683410645,2.2801478610697736,0.212591290473938,39.80392,SimpleTabTransformer,256,2,2
20,5,1.2676657447174413,1.2445338508662056,1.2255597272339989,62,72,100,True,Adam,0.001,L1Loss,/home/xen/personal/hospital-stay-length/experiments/models/tabtransformer_20251217_101214/gs0020_fold5.pt,1.2272578477859497,2.4462149143218994,1.5640380156255471,0.6665626764297485,36.483303,SimpleTabTransformer,256,2,2
21,1,1.841295942441741,1.8851284700281479,1.7960465129684,6,16,100,True,Adam,0.001,L1Loss,/home/xen/personal/hospital-stay-length/experiments/models/tabtransformer_20251217_101214/gs0021_fold1.pt,1.7996017932891846,7.367100715637207,2.7142403570128435,0.03507894277572632,57.46074,SimpleTabTransformer,256,2,3
21,2,1.8444351340407756,1.8525357807383818,1.6784140222212847,5,15,100,True,Adam,0.001,L1Loss,/home/xen/personal/hospital-stay-length/experiments/models/tabtransformer_20251217_101214/gs0021_fold2.pt,1.6903789043426514,6.6642069816589355,2.5815125375753913,0.08323174715042114,47.143543,SimpleTabTransformer,256,2,3
21,3,1.8474624966507527,1.8574692291371964,1.8479243271491106,2,12,100,True,Adam,0.001,L1Loss,/home/xen/personal/hospital-stay-length/experiments/models/tabtransformer_20251217_101214/gs0021_fold3.pt,1.851341724395752,7.348166465759277,2.710750166606889,-0.009272456169128418,60.077824,SimpleTabTransformer,256,2,3
21,4,1.859258742474798,1.8299379979862886,1.7941797445802128,19,29,100,True,Adam,0.001,L1Loss,/home/xen/personal/hospital-stay-length/experiments/models/tabtransformer_20251217_101214/gs0021_fold4.pt,1.7990657091140747,6.729247570037842,2.594079329943061,-0.01915609836578369,56.27434,SimpleTabTransformer,256,2,3
21,5,1.4537300298463052,1.4440353758194868,1.4210527556784012,40,50,100,True,Adam,0.001,L1Loss,/home/xen/personal/hospital-stay-length/experiments/models/tabtransformer_20251217_101214/gs0021_fold5.pt,1.4204952716827393,4.719094753265381,2.1723477514581733,0.3567522168159485,39.214005,SimpleTabTransformer,256,2,3
22,1,1.2587798531375713,1.2991122568354887,1.2909094656214994,29,39,100,True,Adam,0.001,L1Loss,/home/xen/personal/hospital-stay-length/experiments/models/tabtransformer_20251217_101214/gs0022_fold1.pt,1.287165880203247,2.6389477252960205,1.6244838334978962,0.654358446598053,35.899902,SimpleTabTransformer,256,4,1
22,2,1.269996352160155,1.2677235708517187,1.236001053277184,34,44,100,True,Adam,0.001,L1Loss,/home/xen/personal/hospital-stay-length/experiments/models/tabtransformer_20251217_101214/gs0022_fold2.pt,1.2415063381195068,2.4756052494049072,1.5734056213846788,0.6594408750534058,35.193554,SimpleTabTransformer,256,4,1
22,3,1.2724868161464804,1.2718268212150126,1.2457356610718895,23,33,100,True,Adam,0.001,L1Loss,/home/xen/personal/hospital-stay-length/experiments/models/tabtransformer_20251217_101214/gs0022_fold3.pt,1.2514736652374268,2.5254669189453125,1.5891717713781957,0.6531264781951904,35.649567,SimpleTabTransformer,256,4,1
22,4,1.248138030073536,1.281272102804745,1.2561381950097925,62,72,100,True,Adam,0.001,L1Loss,/home/xen/personal/hospital-stay-length/experiments/models/tabtransformer_20251217_101214/gs0022_fold4.pt,1.2533210515975952,2.503587245941162,1.5822728102135744,0.6208274364471436,34.80044,SimpleTabTransformer,256,4,1
22,5,1.2614975967513982,1.2452436615439022,1.2382388483075535,26,36,100,True,Adam,0.001,L1Loss,/home/xen/personal/hospital-stay-length/experiments/models/tabtransformer_20251217_101214/gs0022_fold5.pt,1.2384955883026123,2.5002105236053467,1.5812054020921338,0.6592026948928833,36.2285,SimpleTabTransformer,256,4,1
23,1,1.2624236171814933,1.3292035039733439,1.300555078422322,40,50,100,True,Adam,0.001,L1Loss,/home/xen/personal/hospital-stay-length/experiments/models/tabtransformer_20251217_101214/gs0023_fold1.pt,1.2961812019348145,2.730062961578369,1.6522902171163423,0.642424464225769,36.25771,SimpleTabTransformer,256,4,2
23,2,1.4380258957841503,1.5147621736806982,1.2336788966375238,47,57,100,True,Adam,0.001,L1Loss,/home/xen/personal/hospital-stay-length/experiments/models/tabtransformer_20251217_101214/gs0023_fold2.pt,1.2398966550827026,2.469966411590576,1.5716126786172782,0.6602165699005127,34.336334,SimpleTabTransformer,256,4,2
23,3,1.489674630449779,1.5634887779460234,1.497304867295658,9,19,100,True,Adam,0.001,L1Loss,/home/xen/personal/hospital-stay-length/experiments/models/tabtransformer_20251217_101214/gs0023_fold3.pt,1.5048316717147827,5.870814800262451,2.422976434112072,0.19364213943481445,40.017845,SimpleTabTransformer,256,4,2
23,4,1.2627628014158847,1.287161904222825,1.2640520404366886,44,54,100,True,Adam,0.001,L1Loss,/home/xen/personal/hospital-stay-length/experiments/models/tabtransformer_20251217_101214/gs0023_fold4.pt,1.2601464986801147,2.589890480041504,1.6093136673879036,0.6077566146850586,36.087517,SimpleTabTransformer,256,4,2
23,5,1.2856506425053327,1.25888290124781,1.2318121966193705,45,55,100,True,Adam,0.001,L1Loss,/home/xen/personal/hospital-stay-length/experiments/models/tabtransformer_20251217_101214/gs0023_fold5.pt,1.2322748899459839,2.5128798484802246,1.5852065633475736,0.6574757695198059,35.616013,SimpleTabTransformer,256,4,2
24,1,1.840423543061783,1.8561283455175512,1.8503678441047668,25,35,100,True,Adam,0.001,L1Loss,/home/xen/personal/hospital-stay-length/experiments/models/tabtransformer_20251217_101214/gs0024_fold1.pt,1.8526960611343384,7.798040390014648,2.7924971602518505,-0.021364212036132812,56.176334,SimpleTabTransformer,256,4,3
24,2,1.8439615155333904,1.8663211710312788,1.8468400380190682,4,14,100,True,Adam,0.001,L1Loss,/home/xen/personal/hospital-stay-length/experiments/models/tabtransformer_20251217_101214/gs0024_fold2.pt,1.8584538698196411,7.395668983459473,2.7194979285631886,-0.017392635345458984,56.75947,SimpleTabTransformer,256,4,3
24,3,1.844203260407519,1.8556168570238,1.800362881492166,5,15,100,True,Adam,0.001,L1Loss,/home/xen/personal/hospital-stay-length/experiments/models/tabtransformer_20251217_101214/gs0024_fold3.pt,1.8032866716384888,6.907846450805664,2.628278229336777,0.051205575466156006,62.23688,SimpleTabTransformer,256,4,3
24,4,1.8586831146211766,1.801727649043588,1.751825469381669,2,12,100,True,Adam,0.001,L1Loss,/home/xen/personal/hospital-stay-length/experiments/models/tabtransformer_20251217_101214/gs0024_fold4.pt,1.7561991214752197,6.434328556060791,2.536597830965877,0.025509893894195557,55.35963,SimpleTabTransformer,256,4,3
24,5,1.8435146684077248,1.8863415928447949,1.86249062944861,1,11,100,True,Adam,0.001,L1Loss,/home/xen/personal/hospital-stay-length/experiments/models/tabtransformer_20251217_101214/gs0024_fold5.pt,1.8622506856918335,7.377357006072998,2.716129048125843,-0.005588650703430176,63.16334,SimpleTabTransformer,256,4,3
25,1,1.2444082640889864,1.3376355907496285,1.2924108680556803,26,36,100,True,Adam,0.001,L1Loss,/home/xen/personal/hospital-stay-length/experiments/models/tabtransformer_20251217_101214/gs0025_fold1.pt,1.288663625717163,2.6690828800201416,1.6337328055775038,0.6504114270210266,37.56887,SimpleTabTransformer,256,8,1
25,2,1.3347487965626503,1.2748295314171736,1.2316153049468994,35,45,100,True,Adam,0.001,L1Loss,/home/xen/personal/hospital-stay-length/experiments/models/tabtransformer_20251217_101214/gs0025_fold2.pt,1.2369050979614258,2.445399045944214,1.563777172727692,0.6635962724685669,35.322865,SimpleTabTransformer,256,8,1
25,3,1.2505773123520523,1.3057759141220766,1.2408599450307733,59,69,100,True,Adam,0.001,L1Loss,/home/xen/personal/hospital-stay-length/experiments/models/tabtransformer_20251217_101214/gs0025_fold3.pt,1.2476156949996948,2.455056667327881,1.5668620447658692,0.6627973318099976,36.79409,SimpleTabTransformer,256,8,1
25,4,1.2601248621940613,1.2795468358432545,1.270830231554368,29,39,100,True,Adam,0.001,L1Loss,/home/xen/personal/hospital-stay-length/experiments/models/tabtransformer_20251217_101214/gs0025_fold4.pt,1.2679272890090942,2.5624186992645264,1.6007556650733823,0.61191725730896,35.624744,SimpleTabTransformer,256,8,1
25,5,1.2692461738835519,1.2531691894811743,1.2442977288190056,22,32,100,True,Adam,0.001,L1Loss,/home/xen/personal/hospital-stay-length/experiments/models/tabtransformer_20251217_101214/gs0025_fold5.pt,1.2459956407546997,2.576375961303711,1.6051093300157815,0.6488207578659058,35.874058,SimpleTabTransformer,256,8,1
26,1,1.841659142899869,1.9010762572288513,1.528962584102855,13,23,100,True,Adam,0.001,L1Loss,/home/xen/personal/hospital-stay-length/experiments/models/tabtransformer_20251217_101214/gs0026_fold1.pt,1.5307663679122925,6.184715270996094,2.4869087781814785,0.189944326877594,38.907753,SimpleTabTransformer,256,8,2
26,2,1.5939900261252673,1.6227079279282515,1.451134236419902,21,31,100,True,Adam,0.001,L1Loss,/home/xen/personal/hospital-stay-length/experiments/models/tabtransformer_20251217_101214/gs0026_fold2.pt,1.4608262777328491,4.89333963394165,2.2120894272026277,0.32684290409088135,36.671356,SimpleTabTransformer,256,8,2
26,3,1.2568658848307026,1.2604585517855251,1.2422470730893753,49,59,100,True,Adam,0.001,L1Loss,/home/xen/personal/hospital-stay-length/experiments/models/tabtransformer_20251217_101214/gs0026_fold3.pt,1.2485166788101196,2.5035014152526855,1.5822456873863444,0.6561434864997864,37.56027,SimpleTabTransformer,256,8,2
26,4,1.2732866006111032,1.288826938937692,1.2603085531907923,33,43,100,True,Adam,0.001,L1Loss,/home/xen/personal/hospital-stay-length/experiments/models/tabtransformer_20251217_101214/gs0026_fold4.pt,1.2575993537902832,2.5741493701934814,1.604415585250119,0.6101406812667847,37.074776,SimpleTabTransformer,256,8,2
26,5,1.344471854950065,1.224811769583646,1.2227062793339,59,69,100,True,Adam,0.001,L1Loss,/home/xen/personal/hospital-stay-length/experiments/models/tabtransformer_20251217_101214/gs0026_fold5.pt,1.2234177589416504,2.4990105628967285,1.5808259116350316,0.659366250038147,35.260506,SimpleTabTransformer,256,8,2
27,1,1.8435349784680266,1.8708240880685694,1.8583338260650635,4,14,100,True,Adam,0.001,L1Loss,/home/xen/personal/hospital-stay-length/experiments/models/tabtransformer_20251217_101214/gs0027_fold1.pt,1.8606010675430298,7.748936176300049,2.7836911064807546,-0.014932751655578613,57.21621,SimpleTabTransformer,256,8,3
27,2,1.8408327102661133,1.856667508097256,1.8304000847479875,11,21,100,True,Adam,0.001,L1Loss,/home/xen/personal/hospital-stay-length/experiments/models/tabtransformer_20251217_101214/gs0027_fold2.pt,1.8426313400268555,7.491934299468994,2.7371398026898435,-0.030635356903076172,54.77044,SimpleTabTransformer,256,8,3
27,3,1.8443440154417237,1.849664049990037,1.8324496816186344,9,19,100,True,Adam,0.001,L1Loss,/home/xen/personal/hospital-stay-length/experiments/models/tabtransformer_20251217_101214/gs0027_fold3.pt,1.8359442949295044,7.291085243225098,2.700200963488662,-0.0014322996139526367,59.393448,SimpleTabTransformer,256,8,3
27,4,1.855622682108808,1.8248481960857617,1.8045571025680094,3,13,100,True,Adam,0.001,L1Loss,/home/xen/personal/hospital-stay-length/experiments/models/tabtransformer_20251217_101214/gs0027_fold4.pt,1.8089420795440674,6.6883063316345215,2.5861760055407137,-0.012955427169799805,57.405354,SimpleTabTransformer,256,8,3
27,5,1.8498125725717687,1.9296930151827194,1.8460217959740584,2,12,100,True,Adam,0.001,L1Loss,/home/xen/personal/hospital-stay-length/experiments/models/tabtransformer_20251217_101214/gs0027_fold5.pt,1.84626305103302,7.422037601470947,2.7243416822181,-0.01167905330657959,61.439198,SimpleTabTransformer,256,8,3
